-- MySQL dump 10.13  Distrib 5.5.31, for debian-linux-gnu (x86_64)
--
-- Host: localhost    Database: hotornot
-- ------------------------------------------------------
-- Server version	5.5.31-0ubuntu0.12.04.2-log

/*!40101 SET @OLD_CHARACTER_SET_CLIENT=@@CHARACTER_SET_CLIENT */;
/*!40101 SET @OLD_CHARACTER_SET_RESULTS=@@CHARACTER_SET_RESULTS */;
/*!40101 SET @OLD_COLLATION_CONNECTION=@@COLLATION_CONNECTION */;
/*!40101 SET NAMES utf8 */;
/*!40103 SET @OLD_TIME_ZONE=@@TIME_ZONE */;
/*!40103 SET TIME_ZONE='+00:00' */;
/*!40014 SET @OLD_UNIQUE_CHECKS=@@UNIQUE_CHECKS, UNIQUE_CHECKS=0 */;
/*!40014 SET @OLD_FOREIGN_KEY_CHECKS=@@FOREIGN_KEY_CHECKS, FOREIGN_KEY_CHECKS=0 */;
/*!40101 SET @OLD_SQL_MODE=@@SQL_MODE, SQL_MODE='NO_AUTO_VALUE_ON_ZERO' */;
/*!40111 SET @OLD_SQL_NOTES=@@SQL_NOTES, SQL_NOTES=0 */;

--
-- Table structure for table `game`
--

DROP TABLE IF EXISTS `game`;
/*!40101 SET @saved_cs_client     = @@character_set_client */;
/*!40101 SET character_set_client = utf8 */;
CREATE TABLE `game` (
  `id` int(11) NOT NULL AUTO_INCREMENT,
  `name` varchar(100) COLLATE utf8_unicode_ci DEFAULT NULL,
  PRIMARY KEY (`id`)
) ENGINE=InnoDB AUTO_INCREMENT=3 DEFAULT CHARSET=utf8 COLLATE=utf8_unicode_ci;
/*!40101 SET character_set_client = @saved_cs_client */;

--
-- Dumping data for table `game`
--

LOCK TABLES `game` WRITE;
/*!40000 ALTER TABLE `game` DISABLE KEYS */;
INSERT INTO `game` VALUES (1,'Познай депутата'),(2,'Познай кой е гласувал за Делян Пеевски');
/*!40000 ALTER TABLE `game` ENABLE KEYS */;
UNLOCK TABLES;

--
-- Table structure for table `gamesess`
--

DROP TABLE IF EXISTS `gamesess`;
/*!40101 SET @saved_cs_client     = @@character_set_client */;
/*!40101 SET character_set_client = utf8 */;
CREATE TABLE `gamesess` (
  `id` varchar(100) COLLATE utf8_unicode_ci NOT NULL,
  `gameid` int(11) DEFAULT NULL,
  `startdate` datetime DEFAULT NULL,
  `lastupdate` datetime DEFAULT NULL,
  `itemlist` varchar(2000) COLLATE utf8_unicode_ci DEFAULT NULL,
  `listpos` int(11) DEFAULT NULL,
  PRIMARY KEY (`id`),
  KEY `gameid` (`gameid`),
  CONSTRAINT `gamesess_ibfk_1` FOREIGN KEY (`gameid`) REFERENCES `game` (`id`)
) ENGINE=InnoDB DEFAULT CHARSET=utf8 COLLATE=utf8_unicode_ci;
/*!40101 SET character_set_client = @saved_cs_client */;

--
-- Dumping data for table `gamesess`
--

LOCK TABLES `gamesess` WRITE;
/*!40000 ALTER TABLE `gamesess` DISABLE KEYS */;
INSERT INTO `gamesess` VALUES ('01054d7a8ba529d5bb6ab898650ae38b404b2078',1,'2013-09-09 11:28:15','2013-09-09 11:28:15','236,24,4,151,189,146,50,75,185,5,141,19,67,219,235,182,68,238,89,102,134,79,118,32,237,179,96,78,71,145,156,222,23,98,214,39,3,167,43,207,62,195,123,54,83,205,125,135,88,115,184,229,231,140,48,142,218,31,154,16,120,112,61,119,136,220,137,169,77,172,63,188,18,114,35,9,128,126,80,190,228,224,233,131,191,234,130,116,70,124,204,127,164,186,171,26,150,193,97,55,175,91,104,201,90,113,187,216,95,37,41,192,132,74,58,181,65,162,226,202,106,84,129,101,174,230,147,227,239,11,163,93,6,36,212,8,177,139,209,108,73,103,86,107,13,211,38,27,153,21,157,240,47,117,81,111,40,215,44,66,197,178,53,176,168,208,105,42,155,121,200,133,110,49,85,161,2,22,165,45,152,92,100,109,94,57,232,159,33,28,199,12,170,72,69,213,7,183,17,29,15,180,59,148,56,225,206,223,221,87,149,52,1,51,34,143,30,64,166,25,60,160,158,196,76,99,210,203,194,46,198,82,144,217,173,122,20,138,14,10',0),('0b05417a20f73c3d7894912300ac22ee628c5508',1,'2013-09-09 14:39:59','2013-09-09 14:50:20','93,170,132,184,120,192,31,159,3,43,103,199,68,229,1,78,114,127,61,49,80,37,20,54,221,176,48,165,214,110,206,134,163,124,53,232,156,83,142,155,23,122,58,59,204,150,181,70,149,29,129,56,84,194,4,104,33,202,236,187,140,128,50,189,237,130,148,125,69,96,230,86,88,168,46,191,216,89,235,67,190,2,101,154,79,160,40,238,36,136,38,138,39,51,64,164,26,180,198,9,21,25,167,177,157,133,227,28,219,141,226,32,217,185,6,65,233,118,196,92,5,220,121,151,174,90,188,225,97,106,105,166,169,19,41,117,66,60,197,55,47,12,35,77,205,8,91,87,144,10,234,222,224,42,85,14,152,182,200,173,111,228,123,213,109,146,30,15,17,102,27,137,175,34,161,231,16,183,145,207,82,94,99,98,57,203,131,52,172,139,215,81,193,171,18,113,153,115,186,210,135,218,178,75,239,76,158,44,22,62,72,195,240,126,179,7,11,212,74,108,162,13,73,95,24,116,147,107,208,223,100,71,201,119,143,211,63,112,209,45',60),('1301920bcd55c112b1bdba307cb226bb5939c642',1,'2013-09-06 08:48:30','2013-09-06 08:48:30','232,166,140,204,231,173,73,92,226,68,41,214,120,58,126,3,93,211,5,86,76,20,48,30,206,122,171,194,56,10,55,13,200,90,31,222,199,161,207,228,157,69,164,104,188,16,96,145,66,136,213,167,180,101,105,183,9,36,2,217,99,67,88,144,95,223,112,159,185,32,229,23,233,174,187,46,193,202,45,158,94,210,135,62,106,128,60,198,35,97,236,146,37,75,81,43,61,137,138,208,141,151,237,181,196,230,201,189,70,24,130,197,227,238,6,111,49,1,148,39,34,177,191,219,143,124,40,149,79,129,133,87,205,179,212,18,85,114,4,64,26,84,21,11,165,7,123,163,169,234,15,184,47,38,224,215,186,225,89,154,240,195,14,25,103,125,172,28,109,74,54,19,152,17,42,110,57,33,178,72,63,156,127,182,162,59,142,78,116,98,168,108,82,65,8,91,221,134,170,107,113,44,176,218,160,220,132,192,175,29,150,77,209,80,50,100,153,53,118,12,22,121,117,216,239,83,139,131,27,235,155,71,102,190,147,203,52,119,51,115',0),('15939b7f4c70a6b5a9c9206f474c3a362dd27b43',1,'2013-09-09 13:33:28','2013-09-09 14:00:36','217,44,11,31,101,64,91,34,41,104,240,153,146,54,124,90,20,68,66,221,18,168,216,206,176,111,169,224,29,188,36,162,13,147,166,192,24,182,108,45,209,227,23,200,177,53,99,112,7,85,43,127,191,229,110,212,126,225,84,208,8,189,93,2,164,40,115,148,128,213,233,5,214,38,228,74,179,155,87,103,79,98,154,202,238,88,197,105,223,12,96,10,51,237,138,57,194,160,174,32,89,117,172,141,180,183,75,114,120,30,121,196,39,140,77,109,9,15,14,70,72,50,215,187,1,149,226,136,16,135,181,46,201,42,113,116,129,60,151,236,220,132,184,58,95,235,205,73,157,107,156,97,165,130,230,17,80,123,76,125,65,19,83,102,62,67,122,218,86,33,222,92,48,145,232,28,231,22,190,207,56,49,61,55,63,219,118,137,71,69,52,150,143,21,175,6,178,106,27,203,185,78,195,210,167,94,161,26,170,25,234,3,199,171,144,133,35,59,100,131,139,37,198,159,47,82,204,211,142,173,4,186,239,119,81,163,152,158,134,193',82),('24fb5e7cd654c0406ab23e00da2f80d2265a5f97',1,'2013-09-09 13:13:00','2013-09-09 13:23:39','234,147,88,193,131,170,18,90,169,144,201,192,206,5,222,174,71,79,86,141,182,150,76,109,93,180,137,223,196,37,4,30,44,123,160,132,199,120,51,121,14,202,67,207,1,100,70,124,45,59,175,49,152,101,63,69,216,140,154,92,167,48,94,156,189,204,228,128,29,61,21,43,168,134,164,104,219,56,143,153,72,158,26,80,203,115,20,107,57,194,212,130,176,224,66,52,122,195,220,82,213,186,221,24,148,103,99,112,91,111,75,105,138,171,159,163,214,84,58,28,9,136,89,113,85,151,6,205,98,188,225,13,10,127,187,23,231,238,42,217,209,200,31,198,3,2,229,15,96,208,77,25,78,230,157,197,165,119,83,179,35,155,129,233,135,178,181,210,146,191,117,161,183,36,235,162,65,11,106,87,145,74,54,46,47,22,139,218,102,108,239,60,27,142,8,114,41,177,215,185,133,97,240,81,173,227,68,237,55,211,40,116,236,39,110,12,126,38,73,50,95,32,232,125,118,33,7,64,53,17,19,62,149,190,16,226,184,34,166,172',240),('2b58b4ef62c3a07e80519013f457a3865adfcc71',1,'2013-09-09 11:25:49','2013-09-09 11:25:49','35,144,47,142,178,155,214,117,125,97,88,28,72,189,169,34,235,61,226,66,157,173,114,174,210,204,175,218,13,85,132,127,212,82,62,164,150,141,133,33,19,45,126,55,12,186,148,58,121,236,24,222,71,192,102,167,105,22,139,122,92,5,137,190,172,80,228,224,16,74,106,219,119,129,15,115,201,162,238,159,240,160,221,233,83,8,18,194,120,158,165,6,29,37,234,153,143,59,11,161,208,211,70,140,91,168,182,54,1,51,60,98,176,86,84,145,94,75,109,26,32,27,49,130,23,191,123,111,108,31,89,76,2,39,195,154,53,52,184,20,177,112,21,185,179,14,79,213,56,104,229,3,7,156,44,199,38,116,170,203,225,63,36,107,149,163,230,42,81,30,171,136,146,9,101,239,196,220,200,64,118,90,135,134,17,103,216,183,96,152,217,231,95,198,48,215,100,46,50,138,205,193,43,99,67,151,124,77,41,57,131,232,87,40,237,25,10,223,202,206,69,181,73,188,166,4,93,187,207,68,110,197,147,113,209,227,128,78,180,65',0),('2edfde2c238a97b0dcab7989b76cb60c78af99fb',1,'2013-09-06 08:44:08','2013-09-06 08:44:08','43,105,6,192,15,188,56,127,146,135,139,227,222,9,219,194,63,16,46,224,198,141,195,101,99,90,41,70,71,124,140,240,80,10,54,40,82,149,196,159,30,197,29,58,108,28,223,76,226,191,126,228,166,169,13,84,25,154,3,204,209,50,91,89,20,35,69,118,60,98,199,143,164,4,148,218,73,78,156,136,235,153,161,42,122,19,233,37,214,189,65,68,178,190,128,147,64,163,212,206,7,51,213,24,216,103,134,27,125,23,221,174,237,220,92,145,131,200,85,205,88,187,12,168,211,83,32,62,155,167,57,231,52,179,34,117,112,177,217,114,31,66,79,170,180,49,172,72,110,238,138,175,121,67,120,102,116,77,207,236,61,107,176,182,158,81,100,2,93,193,44,48,201,225,109,229,106,96,104,5,1,87,173,26,130,53,232,123,210,74,94,162,137,21,183,186,185,157,150,55,75,8,234,181,129,18,202,239,111,22,17,184,230,142,115,11,38,47,36,59,152,86,203,171,39,33,45,151,97,165,144,113,95,133,215,14,132,208,119,160',0),('3cfa65ed4c413ec1ed6f735bc50a628a0dcc950f',1,'2013-09-06 08:44:06','2013-09-06 08:44:06','211,204,78,100,207,198,49,231,132,11,192,110,237,99,12,34,61,52,43,113,51,64,33,27,42,35,127,74,187,95,67,97,138,121,59,208,128,151,73,21,8,80,28,156,120,220,174,87,14,233,140,178,89,236,2,197,20,50,23,112,155,167,150,165,193,26,66,48,129,10,107,53,24,232,145,117,186,136,126,162,57,86,105,111,154,15,16,114,58,139,234,70,109,85,119,201,30,83,82,160,81,206,71,55,216,137,131,163,146,175,214,191,41,63,143,13,124,215,45,147,228,225,144,62,218,79,217,122,226,166,88,240,159,189,96,227,31,1,179,102,65,39,22,182,212,7,108,202,25,141,92,72,170,164,235,101,161,134,46,123,91,173,169,103,29,118,115,84,224,130,98,36,44,19,90,69,157,203,5,125,199,172,196,37,17,194,200,153,239,4,38,180,210,168,184,133,32,213,185,238,104,229,142,176,47,209,76,40,148,18,221,190,183,177,181,60,219,223,135,77,205,75,222,93,158,6,171,188,94,106,149,152,56,230,116,9,3,68,54,195',0),('3ee138adc2e051fa6904863ed68a5ec79d02772a',1,'2013-09-06 08:44:08','2013-09-06 08:44:08','109,204,93,42,111,81,106,41,110,18,231,64,100,16,135,165,172,202,4,19,198,55,199,209,216,8,66,98,158,104,78,11,210,146,69,161,130,138,211,119,21,50,113,145,181,147,217,61,189,205,33,139,39,105,36,168,23,122,129,140,75,40,27,212,108,207,194,187,234,38,67,173,116,155,25,196,22,71,70,175,225,53,153,219,52,99,43,96,226,80,222,114,137,132,91,220,221,163,77,57,13,126,235,240,134,201,182,97,169,115,48,72,186,7,193,214,236,73,171,35,89,128,14,208,188,170,127,45,94,82,180,118,83,56,213,86,237,10,65,125,32,152,58,148,76,92,183,37,131,51,28,54,156,154,224,238,62,59,101,177,2,200,195,191,87,141,215,184,143,15,84,167,232,136,31,49,178,133,12,95,150,34,179,229,112,3,164,107,68,63,203,5,151,26,233,102,227,17,103,176,46,144,239,218,6,90,44,223,192,230,117,174,124,206,228,9,142,120,157,74,121,159,47,60,30,166,1,29,197,185,20,149,160,85,88,190,123,79,162,24',0),('45c687afbc4311e9bf7b3512ded66831dc85dc21',1,'2013-09-09 13:19:48','2013-09-09 13:30:27','99,129,204,17,174,163,216,88,228,203,208,217,82,51,177,58,70,62,119,144,124,28,115,145,26,149,230,235,214,47,25,168,153,44,161,6,226,167,223,78,164,14,229,121,102,37,192,157,64,71,232,93,97,35,224,43,2,220,225,211,126,100,131,207,189,169,20,15,3,190,86,101,166,136,108,24,67,184,77,120,171,63,183,45,52,49,152,218,54,60,240,237,123,147,200,106,16,73,53,42,227,130,112,111,55,81,209,151,162,23,107,116,138,4,215,201,113,91,92,84,5,68,59,98,21,87,175,95,165,31,33,170,103,56,234,205,233,18,50,118,8,194,236,199,158,48,30,39,110,32,193,38,61,122,76,66,133,202,182,46,231,135,90,94,221,196,142,154,222,74,134,150,219,210,187,143,188,185,7,239,148,186,139,180,176,79,173,105,114,127,195,172,34,132,141,146,159,83,27,41,117,11,212,10,29,1,160,22,36,128,155,179,104,72,12,85,178,57,181,156,109,13,238,96,197,69,140,137,191,19,75,125,213,206,65,9,198,40,89,80',49),('46471ff2b624c11b9ea27fd56ca5e0cba64e975b',1,'2013-09-09 10:40:23','2013-09-09 10:40:23','22,229,231,12,223,79,158,109,147,148,13,167,45,225,93,140,82,110,78,102,143,91,10,208,115,136,81,171,126,204,153,40,54,119,220,235,149,62,233,15,69,228,95,7,218,238,156,43,189,172,199,160,168,159,162,217,35,83,103,165,130,77,137,150,1,237,221,222,30,118,76,41,25,203,236,219,212,55,187,33,181,14,23,2,97,185,4,49,124,191,108,67,8,20,214,138,197,117,198,145,11,99,107,47,96,39,52,72,155,28,16,164,51,112,141,216,175,31,92,170,85,71,100,94,139,105,75,188,174,101,48,87,9,195,131,34,17,200,239,179,226,24,64,193,132,106,176,86,84,177,104,206,154,152,27,129,202,182,63,53,205,38,113,135,3,123,213,50,73,60,65,207,46,127,157,58,29,232,240,224,37,128,196,190,26,68,80,98,201,32,122,173,210,186,19,142,230,74,227,184,18,133,125,192,116,144,89,114,209,42,178,6,121,88,161,134,59,57,194,44,211,151,180,111,146,163,183,90,66,61,70,36,21,215,120,5,166,56,169,234',0),('4a0ddac47176e27e932cc0fee769c07da6987427',1,'2013-09-09 14:31:49','2013-09-09 14:32:18','115,18,120,173,19,89,50,80,156,118,191,66,69,38,225,6,170,86,188,41,77,149,176,71,239,23,123,106,177,79,157,101,136,122,30,36,81,165,8,44,10,172,224,128,229,70,231,22,187,214,28,33,72,5,40,143,213,12,55,3,56,85,203,15,145,110,210,222,94,216,78,133,159,185,189,64,14,144,141,215,197,37,75,137,95,114,90,49,126,100,116,138,234,150,43,117,93,240,209,21,39,211,84,98,26,184,99,82,9,131,192,127,119,202,54,158,27,2,108,196,109,230,193,147,219,105,161,166,164,232,52,151,228,155,4,194,102,63,32,121,73,171,107,1,24,207,212,181,208,132,153,218,58,62,134,142,92,111,57,130,201,65,68,227,182,96,45,148,160,16,20,88,169,51,168,97,61,186,42,48,226,179,221,200,199,31,103,146,104,183,76,59,237,236,113,74,125,35,152,233,235,167,112,87,195,223,67,238,140,220,60,7,34,175,198,11,135,129,83,53,180,124,163,174,47,91,139,46,13,217,205,162,204,178,25,206,29,17,190,154',6),('54bc02c36efde4a8dfdc9c5387cf0dd32588db3a',1,'2013-09-06 08:51:03','2013-09-06 08:51:03','218,221,117,202,66,199,141,126,44,110,192,14,43,159,26,40,3,36,5,170,225,160,157,13,9,70,140,208,213,201,224,92,163,37,74,222,10,19,112,95,23,18,96,101,25,127,114,139,217,42,145,90,237,209,45,109,122,48,104,57,150,185,214,83,198,1,80,175,65,52,49,118,64,71,226,81,211,11,16,227,206,155,234,103,77,86,54,181,148,99,56,87,21,31,132,53,189,235,207,50,137,76,30,6,69,215,169,223,41,146,162,233,15,46,124,216,194,89,130,51,78,210,22,228,33,94,97,178,20,7,205,161,173,151,240,135,212,61,60,134,183,197,176,129,111,239,27,32,164,168,38,231,232,68,143,108,167,113,193,55,156,152,191,17,105,165,93,116,67,102,188,180,12,123,125,229,154,73,174,28,136,147,8,187,158,39,62,200,142,82,184,166,58,75,204,186,119,190,84,47,107,115,91,106,172,219,121,149,138,35,24,88,203,179,2,131,238,230,63,195,236,128,72,79,177,133,120,85,98,196,182,4,171,34,220,29,153,100,144,59',0),('679c82935a1ad57d9e9ab7bbc7f2a08827e067ff',1,'2013-09-06 08:44:07','2013-09-06 08:44:07','127,100,134,120,131,165,74,94,60,183,119,67,107,90,12,76,41,69,169,129,198,57,87,123,149,154,46,155,135,81,213,132,202,223,1,177,102,55,230,153,25,143,26,157,164,228,126,166,83,201,190,73,51,103,96,174,7,110,29,80,58,225,77,89,199,215,192,86,189,39,68,18,205,204,122,208,185,224,106,34,98,109,70,15,79,113,27,49,50,219,23,227,75,8,97,30,152,17,147,207,141,40,115,210,200,139,158,194,173,59,121,5,3,130,101,229,56,221,36,145,65,21,14,220,196,233,159,16,61,92,125,182,148,170,116,62,226,33,38,235,181,239,24,95,48,211,10,13,64,20,184,188,22,35,209,186,218,82,28,63,99,53,37,105,216,175,32,163,222,84,232,231,78,45,104,44,85,167,144,71,180,11,234,240,150,142,137,6,172,212,31,217,66,118,88,4,176,138,91,178,9,203,52,42,160,136,93,19,197,156,133,236,54,214,108,238,187,193,191,206,114,124,117,72,161,237,128,2,151,47,146,195,112,140,179,162,171,168,111,43',0),('71aa581e33660494e5f6600372c1816c0997fa46',1,'2013-09-06 08:50:58','2013-09-06 08:50:58','160,171,169,2,229,75,10,48,176,232,175,12,225,145,158,230,70,170,118,113,191,61,223,57,66,24,62,27,54,155,185,128,42,105,23,86,53,199,236,55,238,34,133,227,202,212,98,108,116,38,49,166,77,64,127,201,45,40,157,59,190,235,196,231,149,131,104,111,92,28,221,142,129,100,206,102,115,218,197,85,228,117,139,84,25,35,93,208,134,14,43,144,195,6,189,4,18,192,161,74,239,136,94,51,78,220,46,103,213,205,180,44,69,168,138,56,203,80,219,29,26,193,125,112,148,119,177,58,7,146,132,207,172,39,9,107,1,211,150,33,96,89,31,19,97,181,200,110,182,222,52,165,82,147,135,67,233,76,99,37,137,88,188,187,47,153,17,130,79,214,210,95,209,126,174,194,5,36,186,30,73,71,81,20,13,72,152,124,120,16,91,178,50,163,162,101,216,204,151,184,21,60,114,8,143,217,109,226,224,3,154,63,68,11,65,90,164,159,41,156,183,141,22,167,87,234,173,123,215,106,83,15,140,179,240,198,237,122,32,121',0),('75e19b1c55643ebffb6d687c4bc298f041b6b88e',1,'2013-09-09 12:59:38','2013-09-09 13:07:08','83,142,38,52,132,195,162,146,41,68,155,200,76,117,204,214,29,54,145,5,177,77,203,236,21,39,223,64,194,181,189,183,232,57,13,11,53,103,23,163,116,193,158,210,118,87,70,111,47,121,12,218,176,149,180,59,219,207,187,82,99,126,85,80,66,141,217,88,144,107,191,95,196,91,159,108,4,233,19,24,69,7,165,86,205,31,101,33,238,96,109,184,185,237,62,79,170,136,239,37,139,56,192,119,20,211,138,81,156,17,167,55,230,166,42,36,40,240,201,58,225,174,175,122,65,227,14,137,78,22,234,106,179,26,72,222,140,235,114,199,105,154,147,15,98,34,228,160,8,178,89,16,9,209,182,215,71,150,63,128,129,25,173,152,84,1,104,3,226,153,93,110,197,157,186,198,32,92,208,171,100,135,43,50,74,172,75,123,28,46,102,168,125,51,212,206,44,143,94,30,130,221,134,90,148,97,112,49,202,231,151,220,73,67,188,161,169,224,27,61,131,60,127,35,10,133,6,229,18,190,113,48,216,45,213,115,120,2,124,164',24),('817eb225a8ced51f5a1278423ab7514232076ef7',1,'2013-09-09 13:27:17','2013-09-09 13:27:17','45,142,227,180,159,23,127,79,151,60,185,33,188,24,47,36,120,156,130,111,192,205,100,234,125,110,32,213,82,78,208,233,144,92,58,22,175,30,231,90,162,190,48,138,94,124,158,96,61,147,28,193,228,51,199,152,105,235,198,52,55,2,216,89,179,37,83,10,135,207,3,19,80,4,224,149,5,191,85,65,35,50,18,84,53,128,126,40,108,99,160,201,129,148,153,68,44,25,183,236,13,131,118,223,104,69,63,219,141,182,170,49,112,200,140,21,163,9,164,98,114,177,42,134,97,115,137,169,17,16,155,232,1,178,8,101,186,73,143,173,217,39,91,117,165,226,215,116,161,74,71,181,230,218,206,29,123,75,132,212,20,54,222,43,146,88,197,150,77,66,6,46,93,157,174,184,106,210,56,204,72,7,220,168,122,76,189,26,67,95,214,166,238,176,34,229,15,139,171,38,237,27,57,119,62,136,133,239,196,59,14,103,81,41,121,113,11,225,202,240,12,70,154,102,187,107,31,203,195,167,211,64,194,145,221,86,172,87,209,109',0),('8b977917afc554fea19ffa41612b0ff5f1db58a9',1,'2013-09-09 11:13:31','2013-09-09 11:13:31','111,143,235,71,218,178,236,193,25,237,161,184,185,149,98,103,79,167,211,166,227,112,68,64,81,51,36,39,74,82,62,130,221,26,155,154,99,95,132,217,223,102,86,45,115,230,146,55,219,134,144,113,80,9,228,47,88,206,187,214,31,240,203,19,196,83,32,60,139,168,158,150,48,157,225,163,110,190,17,156,183,226,101,140,174,231,43,215,170,76,176,109,129,177,189,65,93,75,54,67,186,58,40,20,34,160,27,24,200,121,127,239,120,147,198,171,122,232,72,175,105,159,137,131,50,8,16,37,238,135,38,116,33,142,128,182,49,42,233,234,14,145,44,59,10,194,126,30,117,90,63,85,94,52,29,207,209,164,173,133,165,169,152,195,224,107,5,125,35,201,53,119,1,162,216,153,106,46,141,41,179,15,205,92,220,7,21,100,78,151,172,114,96,56,213,191,199,4,87,212,2,208,204,28,69,61,18,77,57,148,180,104,23,73,84,97,222,70,138,181,66,136,108,118,192,22,123,210,3,13,89,202,11,197,12,229,6,91,124,188',0),('8ea9cc09c30dc3c545de7f7ad1a945afbe246974',1,'2013-09-06 09:41:30','2013-09-06 09:41:30','116,25,176,138,123,230,206,155,70,170,121,239,43,144,179,39,134,100,216,107,110,33,212,19,130,103,87,240,220,18,84,8,105,36,225,48,1,92,172,98,51,137,217,238,185,74,129,152,53,136,63,52,30,234,151,191,23,160,175,218,125,94,143,54,201,86,174,2,202,20,81,147,231,6,65,168,132,141,122,111,162,45,142,181,180,183,205,221,199,233,127,32,61,17,210,56,156,203,24,7,117,197,64,109,236,229,47,99,224,120,49,42,158,194,3,104,35,73,80,101,128,37,165,10,11,5,44,4,227,148,161,40,22,139,226,149,219,72,66,95,171,106,50,188,58,173,153,195,189,55,46,177,34,78,213,9,96,131,93,186,59,157,114,85,67,15,29,69,21,124,57,133,60,207,200,167,222,154,28,115,27,235,41,31,166,169,89,91,198,118,83,163,108,119,214,237,190,211,16,71,77,79,75,82,26,112,164,38,215,76,88,208,192,68,150,90,97,187,12,135,13,182,113,126,146,204,209,140,14,159,232,228,62,193,145,223,196,102,184,178',0),('8ead094fafd1f85961213f737c0e2149c8a692f8',1,'2013-09-06 08:47:17','2013-09-06 08:47:17','178,50,224,138,71,239,49,41,70,85,227,75,77,43,175,84,167,116,26,98,121,189,169,220,187,17,240,117,148,154,108,94,15,52,207,165,40,141,24,19,199,155,190,136,219,16,212,162,96,89,237,147,159,12,135,23,99,122,47,140,151,179,32,30,90,128,158,4,160,33,68,53,173,202,64,195,127,181,8,28,126,238,34,48,2,88,54,214,200,185,146,209,145,149,6,87,137,103,101,232,206,79,236,133,231,11,42,82,59,13,191,74,168,80,109,39,72,111,81,125,65,150,21,132,134,18,143,58,106,44,176,31,193,215,67,152,78,217,203,174,197,35,102,172,230,1,170,110,226,46,177,45,201,5,69,61,51,73,157,95,196,112,120,60,36,37,86,235,180,97,184,91,27,221,171,62,107,63,7,20,198,124,156,29,131,183,216,139,153,192,163,56,225,223,166,105,205,188,213,118,233,93,113,164,22,129,66,104,229,222,55,130,208,186,161,210,38,25,194,114,182,76,100,211,92,204,3,119,123,14,9,142,83,218,115,144,10,228,57,234',0),('9511a5b2d2cb5fa09b3b7144bd1933ba003f7c2f',1,'2013-09-06 08:44:35','2013-09-06 08:44:35','122,130,19,220,16,26,91,24,184,168,35,3,110,90,187,231,153,88,68,53,194,123,98,119,100,214,4,43,148,174,10,208,154,181,69,115,219,226,190,176,191,215,20,116,28,117,87,218,195,17,105,192,228,230,197,62,134,42,70,207,133,172,31,15,49,223,112,157,142,23,146,211,213,152,238,160,51,48,163,83,239,79,11,59,235,101,167,93,13,54,39,33,5,193,106,227,121,76,21,138,74,60,198,65,171,182,128,57,120,2,1,234,158,183,22,125,84,204,205,95,179,147,186,9,145,47,99,237,196,165,126,14,36,102,85,166,37,210,188,222,114,199,124,217,82,40,12,200,56,225,86,72,67,131,46,201,52,240,139,229,58,34,180,78,81,108,45,175,30,137,162,50,216,104,77,111,159,97,66,164,18,132,32,113,96,27,178,73,233,127,89,170,140,161,41,6,221,92,212,177,129,71,173,109,144,185,55,206,94,135,155,103,44,8,143,29,75,63,203,202,209,141,150,156,80,236,118,136,189,38,7,25,151,224,64,169,107,149,61,232',0),('9c2d4d0ea7636dd0b6359f1a96771089d7516d55',1,'2013-09-09 13:31:27','2013-09-09 13:41:20','104,215,170,196,61,4,97,238,111,24,80,99,146,12,54,16,149,187,45,161,153,73,33,227,74,207,6,181,160,237,221,199,122,166,25,203,85,229,164,105,121,41,119,138,210,52,158,224,49,217,36,213,37,79,103,64,177,233,108,123,68,212,116,208,214,60,226,87,19,17,136,240,114,223,195,231,140,98,20,78,150,198,173,168,218,84,66,83,171,46,169,193,206,75,186,216,130,39,56,9,50,192,32,51,30,172,174,8,26,101,205,120,3,55,142,44,40,31,204,53,154,76,239,128,145,95,147,71,117,143,236,2,109,159,63,29,22,182,77,107,165,5,62,188,21,115,152,134,219,137,58,125,70,47,91,96,133,81,124,144,106,202,90,100,201,59,110,191,194,89,57,190,155,113,141,42,189,167,94,11,82,15,43,156,86,232,157,179,162,176,67,10,18,38,185,72,27,28,13,197,126,139,230,135,151,180,148,220,102,93,175,129,234,34,1,112,48,200,131,178,184,228,23,163,14,183,69,35,118,88,127,225,235,132,222,209,92,65,7,211',2),('a282170619700a19deb9286adc83e1a6c4c72b27',1,'2013-09-06 09:38:36','2013-09-06 09:38:36','193,17,40,12,49,188,156,23,42,120,202,219,16,103,84,50,223,204,109,48,72,107,90,32,6,25,118,5,209,135,31,85,129,144,63,71,230,108,68,190,122,102,94,178,139,99,65,45,86,189,134,14,236,7,39,153,89,180,11,58,28,10,218,133,173,59,79,165,187,30,169,13,67,36,26,123,177,104,83,76,78,19,47,198,164,201,200,166,111,126,159,128,4,214,167,137,203,197,105,9,240,142,155,149,22,97,227,216,52,41,43,221,96,92,98,174,33,101,194,225,119,115,91,51,210,160,150,199,179,162,140,24,80,224,147,121,61,88,132,175,74,212,196,38,77,145,233,82,161,53,195,238,206,152,157,181,211,182,176,95,131,54,191,186,81,114,158,34,192,64,146,226,8,234,168,217,220,208,100,55,232,185,106,215,2,184,18,73,37,183,141,20,228,35,151,229,112,113,70,171,66,237,62,15,57,3,87,170,130,116,235,148,1,231,117,136,172,29,143,239,27,124,75,125,138,46,213,163,56,205,127,60,44,69,154,110,93,207,21,222',0),('b2e326eabd30ed1ea5d44a94845e5341fbd80d4b',1,'2013-09-06 08:44:00','2013-09-06 08:44:00','165,142,20,119,143,50,133,204,108,5,175,126,186,90,71,46,38,74,121,76,226,180,77,224,99,53,95,230,154,179,57,171,42,87,193,229,181,137,146,129,41,238,196,216,27,170,48,49,67,104,36,63,61,124,164,2,166,16,59,127,233,64,52,112,208,93,231,210,43,177,66,205,136,156,213,149,145,211,54,30,78,173,51,206,84,92,134,34,174,106,31,11,207,234,189,218,111,158,98,24,19,195,15,131,159,152,236,101,222,114,144,135,227,56,240,70,94,221,138,203,96,122,68,232,60,105,128,147,217,23,155,150,200,4,198,120,130,6,25,65,45,40,69,85,151,47,228,178,176,192,199,162,214,110,13,132,44,73,86,163,225,12,79,21,14,91,118,235,123,153,219,184,103,239,8,17,37,190,168,7,97,172,194,125,81,116,58,148,220,89,3,9,191,212,83,117,161,160,100,1,62,167,223,102,197,113,32,35,201,209,10,182,109,215,80,141,72,183,169,55,107,18,237,88,28,140,22,185,115,157,75,188,202,33,82,187,139,39,29,26',0),('c2e029f01948df0a7969e7bcb1540ad3f7047a02',1,'2013-09-09 13:27:26','2013-09-09 13:27:26','18,217,112,173,77,71,69,86,118,43,64,124,208,48,236,227,164,98,93,126,142,117,96,22,50,136,58,66,150,222,140,68,207,33,166,82,170,80,129,204,229,159,9,94,37,221,76,35,101,26,91,55,15,104,40,196,185,194,30,21,216,84,60,2,73,167,177,62,162,102,49,139,90,137,63,8,151,239,157,172,19,53,4,24,205,56,171,34,213,134,195,61,133,44,146,97,235,233,174,187,202,160,125,6,149,20,211,17,131,38,123,108,31,206,88,122,155,47,215,201,110,237,12,169,27,13,147,16,158,70,114,224,132,11,127,148,105,107,7,65,199,100,29,39,192,54,220,75,74,178,180,144,113,153,230,14,78,186,232,188,190,228,141,72,168,28,85,225,119,59,45,138,95,145,223,203,189,3,209,99,51,121,5,120,193,231,156,214,179,89,200,23,197,212,182,1,92,32,10,181,161,87,115,184,198,46,165,67,154,41,111,135,36,130,176,226,103,234,163,183,219,57,42,106,52,175,218,128,83,238,79,210,109,81,240,152,116,143,191,25',0),('c961632a94733a34d51139c7c3d2218a346ed5df',1,'2013-09-09 10:33:02','2013-09-09 14:33:00','232,89,151,115,185,224,10,52,135,63,153,208,119,235,20,198,72,71,168,150,193,215,66,175,237,133,114,64,81,219,54,238,147,96,85,42,59,144,55,28,165,230,14,82,142,222,90,8,15,19,216,152,6,9,21,43,159,186,223,3,56,220,195,209,136,148,188,187,24,116,111,5,84,174,191,47,94,61,231,65,22,45,11,30,117,173,62,41,93,141,202,177,212,211,145,104,201,138,203,27,182,73,137,83,34,91,16,171,218,112,139,102,99,51,217,25,127,178,38,121,40,105,239,110,2,60,233,156,149,143,109,194,53,80,190,107,197,32,118,86,184,35,162,95,226,179,132,88,48,234,221,172,130,26,207,1,17,163,29,33,146,39,87,100,44,206,157,122,31,103,58,68,126,49,134,204,120,199,161,225,113,97,74,155,12,92,154,170,205,180,129,57,236,23,131,229,46,67,210,158,176,13,128,164,123,69,240,167,169,77,213,166,228,196,4,227,183,192,50,78,214,124,140,98,200,76,36,101,106,75,37,18,108,70,181,189,125,160,79,7',52),('ce8fdcec7e3651c484410ba11300a322e91f6757',1,'2013-09-06 08:47:26','2013-09-06 08:47:26','89,193,69,81,135,157,164,108,191,240,17,175,60,237,229,119,66,189,128,33,110,226,28,107,199,94,90,179,202,47,171,78,183,31,148,91,190,13,197,1,41,127,225,76,52,166,172,98,117,82,192,109,180,129,96,57,238,18,210,206,132,147,84,218,233,64,221,125,142,169,14,134,40,178,209,167,65,46,160,34,5,67,63,159,4,104,79,92,177,174,2,151,214,55,144,235,239,181,231,32,188,149,182,103,141,194,203,45,116,9,74,73,187,146,59,124,37,140,62,212,58,165,158,121,122,163,216,38,207,85,162,22,71,3,228,136,95,83,222,208,44,25,21,39,211,195,184,131,213,12,48,77,154,72,36,106,10,15,217,215,19,11,138,88,54,120,42,137,49,99,126,232,173,198,51,53,130,161,101,27,112,156,200,145,75,230,220,201,185,30,114,113,204,24,56,102,234,133,16,224,118,196,153,143,7,80,152,123,61,150,186,176,97,29,70,168,35,223,8,87,93,236,68,50,155,139,100,43,20,26,115,205,219,86,227,105,23,6,170,111',0),('d29dc06144192f2ed025bd00402843f4f3b46d58',1,'2013-09-06 09:38:48','2013-09-06 09:38:48','209,97,7,219,192,120,79,11,102,145,202,189,203,198,137,182,76,214,153,75,115,69,168,60,53,124,128,90,163,147,73,239,1,229,134,95,155,235,8,107,81,162,119,233,25,16,27,28,205,111,77,6,207,55,57,161,71,140,220,67,56,17,41,68,51,113,204,33,151,36,35,91,12,195,217,149,206,240,201,15,167,154,40,143,87,123,200,170,158,222,66,38,45,146,117,131,4,100,99,141,171,47,238,19,231,179,226,224,88,187,78,142,228,210,84,93,150,18,62,2,234,101,139,225,108,190,173,32,58,138,166,230,185,174,144,13,169,70,26,196,212,176,133,92,227,85,42,130,112,104,121,34,157,127,221,180,177,122,5,44,10,199,82,183,22,29,152,31,172,114,37,160,211,61,63,74,191,105,14,96,132,178,194,65,164,213,110,126,135,236,232,129,125,208,94,186,46,216,193,3,89,175,116,237,106,159,218,64,181,21,39,80,20,52,165,48,86,72,197,9,136,98,43,156,23,54,223,50,184,24,103,148,83,188,109,49,215,59,30,118',0),('df5c250fe5d6145995c695eee785e78a5dd2af1f',1,'2013-09-09 12:30:05','2013-09-09 12:30:24','27,213,231,92,233,152,33,51,59,214,236,13,205,23,183,156,60,96,43,235,70,137,14,127,35,192,6,129,2,186,176,223,206,77,222,10,105,38,84,24,68,164,157,128,90,226,181,41,69,36,49,171,163,198,221,146,88,98,158,89,172,139,196,218,79,110,116,177,216,215,125,29,203,184,66,118,126,111,71,227,190,62,82,200,75,144,104,19,7,25,141,169,124,42,3,212,63,81,103,140,155,237,133,136,189,52,86,9,22,17,31,48,99,73,5,78,193,53,94,147,102,120,225,224,100,199,202,143,106,182,174,11,145,4,18,239,40,142,234,109,39,240,56,30,208,168,130,201,194,217,162,135,170,72,1,57,61,95,160,119,167,108,154,114,188,80,191,220,65,28,67,178,47,138,58,85,175,12,32,132,219,46,204,151,15,76,115,122,230,16,210,50,228,209,153,44,20,148,232,207,211,121,150,161,166,55,64,54,238,229,180,173,37,101,45,93,165,117,187,87,34,74,107,159,83,8,21,179,195,123,134,26,185,112,113,131,197,91,97,149',6),('e1616085a2040c297e769479c243e15a4f7b14c9',1,'2013-09-06 08:50:13','2013-09-06 08:50:13','152,211,82,171,62,192,70,6,65,134,231,154,69,76,225,210,90,199,63,55,37,132,149,21,9,31,86,170,159,183,29,169,109,215,36,205,61,136,50,203,75,200,184,10,35,156,96,43,239,226,85,190,40,49,110,135,144,194,116,214,17,79,44,18,168,68,233,137,81,100,230,59,234,30,107,89,8,237,178,45,57,122,165,180,142,150,130,145,67,212,155,113,34,115,143,182,162,172,101,147,163,228,2,160,219,112,235,58,186,140,27,87,174,218,240,93,99,161,94,91,207,56,188,19,97,209,151,7,117,131,129,41,185,201,47,236,166,238,42,197,181,74,15,204,196,84,1,14,46,51,198,98,105,187,26,114,193,158,227,213,12,208,157,216,173,73,80,4,13,195,206,141,111,92,220,139,48,191,33,119,118,20,88,189,123,32,124,104,176,223,120,177,22,224,133,229,72,138,121,52,28,179,164,175,217,71,125,127,5,16,221,148,95,232,64,25,53,83,202,3,39,23,54,103,38,222,11,24,128,167,106,66,146,108,60,153,77,126,102,78',1),('e22b4e652a86656b30ed924b192fb01b67927da5',1,'2013-09-09 10:30:44','2013-09-09 10:30:44','38,123,28,186,125,224,19,24,139,234,129,164,156,142,162,74,4,200,63,221,179,98,134,17,140,29,158,8,15,39,43,211,88,175,100,136,215,238,82,10,126,124,18,153,148,40,203,52,163,93,36,152,2,184,168,21,3,51,42,174,6,62,173,226,214,14,46,166,209,236,155,183,170,41,202,223,160,193,199,92,48,135,217,201,81,169,220,230,189,196,53,7,72,154,32,172,75,180,239,50,69,106,187,99,181,213,56,86,12,64,35,225,85,60,115,229,176,232,240,204,235,33,91,79,228,145,112,212,76,127,167,97,83,95,182,120,23,131,67,27,116,113,218,108,9,151,210,111,5,219,149,47,109,103,118,171,77,198,188,138,57,132,49,122,89,80,68,222,231,192,45,13,128,157,20,55,1,96,137,130,197,58,101,78,34,194,237,206,105,178,233,117,54,159,66,110,71,143,144,11,227,73,195,87,185,216,114,59,31,94,37,205,30,150,190,119,65,133,16,208,146,165,61,161,104,141,191,70,177,84,22,121,107,90,207,147,102,25,26,44',0),('e2ab1f47a1184623cfb7a047bc7ff31412bc86bd',1,'2013-09-09 12:30:51','2013-09-09 13:28:32','181,116,197,124,12,147,40,204,67,93,18,9,8,47,226,29,31,179,80,236,78,174,70,119,60,183,173,113,233,52,219,218,136,41,132,1,7,104,189,130,224,4,211,157,82,45,127,64,232,156,51,164,225,190,175,79,176,133,177,234,22,128,122,131,139,3,69,27,171,207,98,180,198,118,76,68,188,58,235,16,200,75,101,37,13,39,212,55,129,74,71,185,2,239,187,19,240,121,56,10,230,205,46,66,191,17,20,111,221,217,216,92,227,215,99,162,167,192,100,153,97,34,142,102,114,44,81,65,223,202,195,43,72,38,61,110,91,199,73,95,222,155,148,33,170,15,168,154,144,85,35,149,203,138,30,63,49,163,134,115,208,182,143,120,103,11,48,165,231,186,123,140,193,151,201,210,25,24,209,184,36,62,145,178,108,53,105,237,135,89,213,90,146,159,87,126,141,194,220,107,94,172,57,84,150,83,152,32,196,77,228,50,161,109,238,214,125,21,166,54,158,6,5,26,23,106,86,42,117,96,59,14,28,206,160,137,112,88,229,169',240),('e4670ca6ddf759dfe64acb39c9cb7d716526bc0e',1,'2013-09-09 13:40:02','2013-09-09 13:41:26','28,64,135,233,73,29,94,174,103,20,18,136,146,189,172,113,63,57,222,66,122,14,208,47,212,175,55,53,179,25,155,219,202,54,120,218,115,27,238,198,158,205,107,240,192,100,149,239,127,58,162,137,104,237,13,10,92,96,56,230,74,34,22,24,117,221,102,93,128,200,177,191,148,121,38,6,166,173,8,163,80,176,90,152,225,50,201,145,164,37,68,144,134,180,89,97,169,45,216,154,101,91,236,106,87,159,105,116,125,59,206,43,229,99,42,2,15,98,33,209,199,186,207,215,70,150,49,17,60,187,71,12,197,214,126,195,35,231,228,36,178,204,4,217,147,79,108,161,109,129,167,86,132,65,23,67,226,139,95,182,72,213,26,41,211,234,235,168,75,21,40,83,48,85,138,227,143,157,194,31,181,61,76,81,77,220,156,118,82,52,44,39,69,131,111,190,9,112,153,232,170,151,223,3,140,188,110,133,185,84,160,119,196,30,130,171,183,123,224,51,203,124,141,88,142,1,46,19,165,5,62,193,16,184,114,11,7,32,210,78',10),('fdbd10f02a2dc6001d880236fd31257c0ddbf12c',1,'2013-09-06 09:57:57','2013-09-06 09:57:57','209,28,6,156,48,54,131,239,93,233,232,65,39,220,99,55,231,188,171,63,183,107,2,215,20,180,176,147,158,222,137,22,66,33,110,123,70,102,59,60,227,196,42,95,109,121,44,172,165,49,195,86,177,191,168,234,178,56,31,155,23,162,3,81,201,145,221,37,216,185,211,141,140,96,214,120,207,80,224,173,229,32,16,202,204,19,1,163,52,122,77,21,114,26,91,25,104,175,194,7,100,161,46,58,200,182,205,45,94,61,84,90,132,160,225,142,74,30,11,43,97,69,35,88,85,106,133,154,230,73,240,57,226,101,223,78,189,10,92,146,198,111,71,150,51,9,164,217,67,79,12,15,236,206,208,24,113,129,166,112,34,143,82,128,152,144,153,130,4,149,212,87,174,228,119,13,108,62,36,64,235,210,139,135,134,98,47,190,115,5,38,83,186,124,203,29,167,8,41,103,89,27,169,75,170,68,219,53,237,117,127,193,197,218,105,151,199,50,181,40,14,125,126,184,179,187,213,238,138,17,159,18,72,118,116,136,148,76,157,192',10);
/*!40000 ALTER TABLE `gamesess` ENABLE KEYS */;
UNLOCK TABLES;

--
-- Table structure for table `hall`
--

DROP TABLE IF EXISTS `hall`;
/*!40101 SET @saved_cs_client     = @@character_set_client */;
/*!40101 SET character_set_client = utf8 */;
CREATE TABLE `hall` (
  `id` int(11) NOT NULL AUTO_INCREMENT,
  `gameid` int(11) DEFAULT NULL,
  `name` varchar(100) COLLATE utf8_unicode_ci DEFAULT NULL,
  `totalitems` int(11) DEFAULT NULL,
  `totalvotes` int(11) DEFAULT NULL,
  `correct` int(11) DEFAULT NULL,
  `starttime` datetime DEFAULT NULL,
  `gamesecs` int(11) DEFAULT NULL,
  PRIMARY KEY (`id`),
  KEY `gameid` (`gameid`),
  CONSTRAINT `hall_ibfk_1` FOREIGN KEY (`gameid`) REFERENCES `game` (`id`)
) ENGINE=InnoDB AUTO_INCREMENT=17 DEFAULT CHARSET=utf8 COLLATE=utf8_unicode_ci;
/*!40101 SET character_set_client = @saved_cs_client */;

--
-- Dumping data for table `hall`
--

LOCK TABLES `hall` WRITE;
/*!40000 ALTER TABLE `hall` DISABLE KEYS */;
INSERT INTO `hall` VALUES (1,1,'камен',240,10,7,'2013-09-08 16:11:43',25),(2,1,'камен 2',240,2,0,'2013-09-08 16:13:14',89),(3,1,'камен 3',240,16,2,'2013-09-08 16:16:44',79),(4,1,'kamen',240,68,31,'2013-09-08 17:50:11',59985),(5,1,'хахаха',240,4,3,'2013-09-08 16:25:07',14),(6,1,'Иван',240,40,17,'2013-09-09 10:45:01',381),(7,1,'sd',240,0,0,'2013-09-09 11:03:11',0),(8,1,'asd',240,0,0,'2013-09-09 11:13:46',0),(9,1,'мех',240,5,2,'2013-09-09 11:25:55',24),(10,1,'asd',240,1,1,'2013-09-09 11:26:44',1),(11,1,'Камен Станев',240,8,5,'2013-09-09 11:28:49',698),(12,1,'<b>камен</b>',240,9,2,'2013-09-09 12:04:37',533),(13,1,'пробвам пак',240,6,3,'2013-09-09 12:30:05',19),(14,1,'Н.',240,240,85,'2013-09-09 13:13:00',639),(15,1,'Yu',240,49,24,'2013-09-09 13:19:48',639),(16,1,'Митьо',240,60,23,'2013-09-09 14:39:59',621);
/*!40000 ALTER TABLE `hall` ENABLE KEYS */;
UNLOCK TABLES;

--
-- Table structure for table `item`
--

DROP TABLE IF EXISTS `item`;
/*!40101 SET @saved_cs_client     = @@character_set_client */;
/*!40101 SET character_set_client = utf8 */;
CREATE TABLE `item` (
  `id` int(11) NOT NULL AUTO_INCREMENT,
  `gameid` int(11) NOT NULL,
  `name` varchar(500) COLLATE utf8_unicode_ci DEFAULT NULL,
  `photo` varchar(2000) COLLATE utf8_unicode_ci DEFAULT NULL,
  `corrprop` int(11) NOT NULL,
  PRIMARY KEY (`id`),
  KEY `gameid` (`gameid`),
  KEY `corrprop` (`corrprop`),
  CONSTRAINT `item_ibfk_2` FOREIGN KEY (`corrprop`) REFERENCES `prop` (`id`),
  CONSTRAINT `item_ibfk_1` FOREIGN KEY (`gameid`) REFERENCES `game` (`id`)
) ENGINE=InnoDB AUTO_INCREMENT=241 DEFAULT CHARSET=utf8 COLLATE=utf8_unicode_ci;
/*!40101 SET character_set_client = @saved_cs_client */;

--
-- Dumping data for table `item`
--

LOCK TABLES `item` WRITE;
/*!40000 ALTER TABLE `item` DISABLE KEYS */;
INSERT INTO `item` VALUES (1,1,'АЛЕКСАНДЪР ДИМИТРОВ ПАУНОВ','http://parliament.bg/images/Assembly/1499.png',1),(2,1,'АЛЕКСИ ВАСИЛЕВ АЛЕКСИЕВ','http://parliament.bg/images/Assembly/1732.png',1),(3,1,'АНТОН КОНСТАНТИНОВ КУТЕВ','http://parliament.bg/images/Assembly/1513.png',1),(4,1,'АТАНАС ЗАФИРОВ ЗАФИРОВ','http://parliament.bg/images/Assembly/1511.png',1),(5,1,'АТАНАС СТОЙНОВ ПЪДЕВ','http://parliament.bg/images/Assembly/1694.png',1),(6,1,'АТАНАС ТОДОРОВ МЕРДЖАНОВ','http://parliament.bg/images/Assembly/1510.png',1),(7,1,'БОРИС ЦВЕТКОВ ЦВЕТКОВ','http://parliament.bg/images/Assembly/1508.png',1),(8,1,'БОРИСЛАВ ГУЦАНОВ ГУЦАНОВ','http://parliament.bg/images/Assembly/1507.png',1),(9,1,'ВАЛЕНТИНА ВАСИЛЕВА БОГДАНОВА','http://parliament.bg/images/Assembly/1523.png',1),(10,1,'ВАЛЕРИ МИРЧЕВ ЖАБЛЯНОВ','http://parliament.bg/images/Assembly/1522.png',1),(11,1,'ВАНЯ ЧАВДАРОВА ДОБРЕВА','http://parliament.bg/images/Assembly/1521.png',1),(12,1,'ВАСИЛ МИЛАНОВ АНТОНОВ','http://parliament.bg/images/Assembly/1520.png',1),(13,1,'ГЕОРГИ ДИМИТРОВ АНДРЕЕВ','http://parliament.bg/images/Assembly/1709.png',1),(14,1,'ГЕОРГИ НИКОЛОВ МЪРКОВ','http://parliament.bg/images/Assembly/1527.png',1),(15,1,'ГЕОРГИ СТОЯНОВ КАДИЕВ','http://parliament.bg/images/Assembly/1525.png',1),(16,1,'ГЕОРГИ СТРАХИЛОВ СВИЛЕНСКИ','http://parliament.bg/images/Assembly/1541.png',1),(17,1,'ГЕОРГИ ЧАВДАРОВ АНАСТАСОВ','http://parliament.bg/images/Assembly/1540.png',1),(18,1,'ГЕОРГИ ЯНЧЕВ ГЬОКОВ','http://parliament.bg/images/Assembly/1539.png',1),(19,1,'ДЕНИЦА ЗЛАТКОВА ЗЛАТЕВА','http://parliament.bg/images/Assembly/1542.png',1),(20,1,'ДЕЯН ЦАНКОВ ДЕЧЕВ','http://parliament.bg/images/Assembly/1550.png',1),(21,1,'ДИМИТЪР АНГЕЛОВ ГОРОВ','http://parliament.bg/images/Assembly/1546.png',1),(22,1,'ДИМИТЪР СТОЯНОВ ДЪБОВ','http://parliament.bg/images/Assembly/1561.png',1),(23,1,'ДИМЧО ДИМИТРОВ МИХАЛЕВСКИ','http://parliament.bg/images/Assembly/1560.png',1),(24,1,'ДОБРИН НЕНОВ ДАНЕВ','http://parliament.bg/images/Assembly/1559.png',1),(25,1,'ДОРА ИЛИЕВА ЯНКОВА','http://parliament.bg/images/Assembly/1555.png',1),(26,1,'ЕВДОКИЯ СЛАВЧОВА АСЕНОВА','http://parliament.bg/images/Assembly/1703.png',1),(27,1,'ЕКАТЕРИНА ВАСИЛЕВА ЗАЯКОВА','http://parliament.bg/images/Assembly/1698.png',1),(28,1,'ЕМИЛ ДИМИТРОВ РАЙНОВ','http://parliament.bg/images/Assembly/1569.png',1),(29,1,'ЕМИЛ СТРАХИЛОВ КОСТАДИНОВ','http://parliament.bg/images/Assembly/1566.png',1),(30,1,'ЖАРА ВЕСЕЛИНОВА ПЕНЕВА-ГЕОРГИЕВА','http://parliament.bg/images/Assembly/1702.png',1),(31,1,'ЖЕЛЬО ИВАНОВ БОЙЧЕВ','http://parliament.bg/images/Assembly/1573.png',1),(32,1,'ЗАХАРИ ДИМИТРОВ ГЕОРГИЕВ','http://parliament.bg/images/Assembly/1695.png',1),(33,1,'ИВАН ВАЛЕНТИНОВ ИВАНОВ','http://parliament.bg/images/Assembly/1577.png',1),(34,1,'ИВАН ТОДОРОВ ИБРИШИМОВ','http://parliament.bg/images/Assembly/1581.png',1),(35,1,'ИЛИЯ АТАНАСОВ БАТАШКИ','http://parliament.bg/images/Assembly/1589.png',1),(36,1,'ЙОРДАН ГЕОРГИЕВ СТОЙКОВ','http://parliament.bg/images/Assembly/1586.png',1),(37,1,'ЙОРДАН СТОЯНОВ МЛАДЕНОВ','http://parliament.bg/images/Assembly/1584.png',1),(38,1,'ЙОРДАНКА КОЛЕВА ЙОРДАНОВА','http://parliament.bg/images/Assembly/1583.png',1),(39,1,'КАЛИН ИВАНОВ МИЛЧЕВ','http://parliament.bg/images/Assembly/1707.png',1),(40,1,'КИРИЛ НИКОЛАЕВ ДОБРЕВ','http://parliament.bg/images/Assembly/1603.png',1),(41,1,'КОРНЕЛИЯ ПЕТРОВА НИНОВА','http://parliament.bg/images/Assembly/1601.png',1),(42,1,'КРАСИМИР АТАНАСОВ МУРДЖЕВ','http://parliament.bg/images/Assembly/1600.png',1),(43,1,'КРАСИМИР ХРИСТОВ ЯНКОВ','http://parliament.bg/images/Assembly/1604.png',1),(44,1,'ЛАЗАР ОГНЯНОВ ПОПОВ','http://parliament.bg/images/Assembly/1700.png',1),(45,1,'ЛЮБОМИР АНГЕЛОВ ПЕТКОВ','http://parliament.bg/images/Assembly/1614.png',1),(46,1,'МАРГАРИТА АСЕНОВА СТОИЛОВА','http://parliament.bg/images/Assembly/1701.png',1),(47,1,'МАРИАНА ГОСПОДИНОВА ТОТЕВА','http://parliament.bg/images/Assembly/1611.png',1),(48,1,'МАРИАНА РАДЕВА БОЯДЖИЕВА','http://parliament.bg/images/Assembly/1610.png',1),(49,1,'МАРТИН ГЕОРГИЕВ ЗАХАРИЕВ','http://parliament.bg/images/Assembly/1609.png',1),(50,1,'МАЯ БОЖИДАРОВА МАНОЛОВА','http://parliament.bg/images/Assembly/1608.png',1),(51,1,'МЕТОДИ ТЕОХАРОВ КОСТАДИНОВ','http://parliament.bg/images/Assembly/1704.png',1),(52,1,'МИЛКА ДОНЧЕВА ХРИСТОВА','http://parliament.bg/images/Assembly/1622.png',1),(53,1,'МИЛКО ПЕТРОВ БАГДАСАРОВ','http://parliament.bg/images/Assembly/1621.png',1),(54,1,'МИНЧО МЪНЧЕВ МИНЧЕВ','http://parliament.bg/images/Assembly/1620.png',1),(55,1,'МИХАИЛ РАЙКОВ МИКОВ','http://parliament.bg/images/Assembly/1616.png',1),(56,1,'МЛАДЕН ПЕТРОВ ЧЕРВЕНЯКОВ','http://parliament.bg/images/Assembly/1624.png',1),(57,1,'НИКОЛАЙ ВАСИЛЕВ ПЕТЕВ','http://parliament.bg/images/Assembly/1626.png',1),(58,1,'НИКОЛАЙ СИМЕОНОВ МАЛИНОВ','http://parliament.bg/images/Assembly/1638.png',1),(59,1,'ПЕНКО АТАНАСОВ АТАНАСОВ','http://parliament.bg/images/Assembly/1728.png',1),(60,1,'ПЕТЪР АТАНАСОВ КУРУМБАШЕВ','http://parliament.bg/images/Assembly/1633.png',1),(61,1,'ПЕТЪР ВАСИЛЕВ МУТАФЧИЕВ','http://parliament.bg/images/Assembly/1632.png',1),(62,1,'ПЕТЪР ГЕОРГИЕВ КЪНЕВ','http://parliament.bg/images/Assembly/1631.png',1),(63,1,'ПЕТЪР ИЛИЕВ ДУЛЕВ','http://parliament.bg/images/Assembly/1440.png',1),(64,1,'ПЛАМЕН ВАСИЛЕВ СЛАВОВ','http://parliament.bg/images/Assembly/1446.png',1),(65,1,'ПЛАМЕН ХРИСТОВ ЖЕЛЯЗКОВ','http://parliament.bg/images/Assembly/1729.png',1),(66,1,'РУМЕН ВАСИЛЕВ ГЕЧЕВ','http://parliament.bg/images/Assembly/1452.png',1),(67,1,'РУМЕН МАРИНОВ ЙОНЧЕВ','http://parliament.bg/images/Assembly/1461.png',1),(68,1,'СВЕТЛА МАРИНОВА БЪЧВАРОВА-ПИРАЛКОВА','http://parliament.bg/images/Assembly/1459.png',1),(69,1,'СЕРГЕЙ ДМИТРИЕВИЧ СТАНИШЕВ','http://parliament.bg/images/Assembly/1680.png',1),(70,1,'СИЯНА АТАНАСОВА ФУДУЛОВА','http://parliament.bg/images/Assembly/1471.png',1),(71,1,'СМИЛЯНА НИКОЛОВА НИТОВА-КРЪСТЕВА','http://parliament.bg/images/Assembly/1470.png',1),(72,1,'СПАС ЯНЕВ ПАНЧЕВ','http://parliament.bg/images/Assembly/1468.png',1),(73,1,'СТАНИСЛАВ ИВАНОВ ВЛАДИМИРОВ','http://parliament.bg/images/Assembly/1467.png',1),(74,1,'СТЕФАН ИВАНОВ ТАНЕВ','http://parliament.bg/images/Assembly/1462.png',1),(75,1,'СТЕФАН ЛАМБОВ ДАНАИЛОВ','http://parliament.bg/images/Assembly/1681.png',1),(76,1,'СТРАХИЛ ЧАВДАРОВ АНГЕЛОВ','http://parliament.bg/images/Assembly/1480.png',1),(77,1,'ТАНЮ ХРИСТОВ КИРЯКОВ','http://parliament.bg/images/Assembly/1479.png',1),(78,1,'ТАСКО МИХАЙЛОВ ЕРМЕНКОВ','http://parliament.bg/images/Assembly/1727.png',1),(79,1,'ТАТЯНА ИВАНОВА БУРУДЖИЕВА-ВАНИОТИС','http://parliament.bg/images/Assembly/1477.png',1),(80,1,'ТОДОР БОРИСОВ РАДУЛОВ','http://parliament.bg/images/Assembly/1475.png',1),(81,1,'ФИЛИП СТЕФАНОВ ПОПОВ','http://parliament.bg/images/Assembly/1485.png',1),(82,1,'ХРИСТО ЦВЕТАНОВ МОНОВ','http://parliament.bg/images/Assembly/1493.png',1),(83,1,'ЯВОР БОРИСЛАВОВ КУЮМДЖИЕВ','http://parliament.bg/images/Assembly/1504.png',1),(84,1,'ЯНАКИ БОЯНОВ СТОИЛОВ','http://parliament.bg/images/Assembly/1685.png',1),(85,1,'АКСЕНИЯ БОРИСЛАВОВА ТИЛЕВА','http://parliament.bg/images/Assembly/1500.png',3),(86,1,'АЛЕКСАНДЪР РУМЕНОВ НЕНКОВ','http://parliament.bg/images/Assembly/1498.png',3),(87,1,'АНДОН ПЕТРОВ АНДОНОВ','http://parliament.bg/images/Assembly/1689.png',3),(88,1,'АНТОНИЙ ЙОРДАНОВ ЙОРДАНОВ','http://parliament.bg/images/Assembly/1512.png',3),(89,1,'АТАНАС ИВАНОВ ТАШКОВ','http://parliament.bg/images/Assembly/1662.png',3),(90,1,'БОЙКО МЕТОДИЕВ БОРИСОВ','http://parliament.bg/images/Assembly/1660.png',3),(91,1,'ВАЛЕНТИН ИВАНОВ РАДЕВ','http://parliament.bg/images/Assembly/1506.png',3),(92,1,'ВАЛЕНТИН СТЕФАНОВ ВАСИЛЕВ','http://parliament.bg/images/Assembly/1516.png',3),(93,1,'ВЕЖДИ ЛЕТИФ РАШИДОВ','http://parliament.bg/images/Assembly/1519.png',3),(94,1,'ВЕСЕЛИН БОРИСЛАВОВ ВУЧКОВ','http://parliament.bg/images/Assembly/1518.png',3),(95,1,'ВЛАДИМИР ВЪЛЧЕВ МИТРУШЕВ','http://parliament.bg/images/Assembly/1675.png',3),(96,1,'ВЛАДИМИР ИВАНОВ ИВАНОВ','http://parliament.bg/images/Assembly/1524.png',3),(97,1,'ВЛАДИМИР ЦВЕТАНОВ ТОШЕВ','http://parliament.bg/images/Assembly/1532.png',3),(98,1,'ВЛАДИСЛАВ ИВАНОВ ГОРАНОВ','http://parliament.bg/images/Assembly/1663.png',3),(99,1,'ВЛАДИСЛАВ ТОШКОВ НИКОЛОВ','http://parliament.bg/images/Assembly/1687.png',3),(100,1,'ГАЛИНА СТЕФАНОВА МИЛЕВА-ГЕОРГИЕВА','http://parliament.bg/images/Assembly/1530.png',3),(101,1,'ГАЛЯ ЕНЕВА ЗАХАРИЕВА','http://parliament.bg/images/Assembly/1529.png',3),(102,1,'ГЕОРГИ ИВАНОВ АНДОНОВ','http://parliament.bg/images/Assembly/1528.png',3),(103,1,'ГЕОРГИ ЦВЕТАНОВ МАРКОВ','http://parliament.bg/images/Assembly/1696.png',3),(104,1,'ГИНЧЕ ДИМИТРОВА КАРАМИНОВА','http://parliament.bg/images/Assembly/1538.png',3),(105,1,'ДАНАИЛ ДИМИТРОВ КИРИЛОВ','http://parliament.bg/images/Assembly/1537.png',3),(106,1,'ДАНИЕЛ ГЕОРГИЕВ ГЕОРГИЕВ','http://parliament.bg/images/Assembly/1536.png',3),(107,1,'ДАНИЕЛА АНАСТАСОВА ДАРИТКОВА-ПРОДАНОВА','http://parliament.bg/images/Assembly/1535.png',3),(108,1,'ДАНИЕЛА ВЛАДИМИРОВА САВЕКЛИЕВА','http://parliament.bg/images/Assembly/1534.png',3),(109,1,'ДАРИН ИВАНОВ ДИМИТРОВ','http://parliament.bg/images/Assembly/1533.png',3),(110,1,'ДЕЛЯН АЛЕКСАНДРОВ ДОБРЕВ','http://parliament.bg/images/Assembly/1665.png',3),(111,1,'ДЕСИСЛАВА ВЪЛЧЕВА АТАНАСОВА','http://parliament.bg/images/Assembly/1552.png',3),(112,1,'ДЕСИСЛАВА ЖЕКОВА ТАНЕВА','http://parliament.bg/images/Assembly/1551.png',3),(113,1,'ДЖЕМА МАРИНОВА ГРОЗДАНОВА','http://parliament.bg/images/Assembly/1548.png',3),(114,1,'ДИАНА ИВАНОВА ЙОРДАНОВА','http://parliament.bg/images/Assembly/1547.png',3),(115,1,'ДИМИТЪР АНГЕЛОВ ИВАНОВ','http://parliament.bg/images/Assembly/1545.png',3),(116,1,'ДИМИТЪР БОЙЧЕВ ПЕТРОВ','http://parliament.bg/images/Assembly/1544.png',3),(117,1,'ДИМИТЪР БОРИСОВ ГЛАВЧЕВ','http://parliament.bg/images/Assembly/1543.png',3),(118,1,'ДИМИТЪР НИКОЛОВ ЛАЗАРОВ','http://parliament.bg/images/Assembly/1562.png',3),(119,1,'ДОБРОСЛАВ ДИЛЯНОВ ДИМИТРОВ','http://parliament.bg/images/Assembly/1558.png',3),(120,1,'ДОНКА ДИМИТРОВА ИВАНОВА','http://parliament.bg/images/Assembly/1557.png',3),(121,1,'ДОНЧО СПАСОВ БАКСАНОВ','http://parliament.bg/images/Assembly/1556.png',3),(122,1,'ЕВГЕНИ ДИМИТРОВ СТОЕВ','http://parliament.bg/images/Assembly/1572.png',3),(123,1,'ЕВГЕНИЯ БИСЕРОВА АЛЕКСИЕВА','http://parliament.bg/images/Assembly/1571.png',3),(124,1,'ЕМАНУЕЛА ЗДРАВКОВА СПАСОВА','http://parliament.bg/images/Assembly/1570.png',3),(125,1,'ЕМИЛ ЙОРДАНОВ РАДЕВ','http://parliament.bg/images/Assembly/1568.png',3),(126,1,'ЖЕЛЯЗКО ИВАНОВ ЖЕЛЯЗКОВ','http://parliament.bg/images/Assembly/1580.png',3),(127,1,'ЗДРАВКО ДИМИТРОВ ДИМИТРОВ','http://parliament.bg/images/Assembly/1579.png',3),(128,1,'ЗЛАТКО ДИМИТРОВ ТОДОРОВ','http://parliament.bg/images/Assembly/1578.png',3),(129,1,'ИВАЙЛО АНГЕЛОВ МОСКОВСКИ','http://parliament.bg/images/Assembly/1671.png',3),(130,1,'ИВАН СТЕФАНОВ ВЪЛКОВ','http://parliament.bg/images/Assembly/1575.png',3),(131,1,'ИВАН СТОЕВ ЧОЛАКОВ','http://parliament.bg/images/Assembly/1574.png',3),(132,1,'ИВЕЛИНА ВЕСЕЛИНОВА ВАСИЛЕВА','http://parliament.bg/images/Assembly/1590.png',3),(133,1,'ИРЕНА ГЕОРГИЕВА УЗУНОВА','http://parliament.bg/images/Assembly/1582.png',3),(134,1,'ИРЕНА ИВАНОВА КОЦЕВА','http://parliament.bg/images/Assembly/1670.png',3),(135,1,'ИРЕНА ЛЮБЕНОВА СОКОЛОВА','http://parliament.bg/images/Assembly/1591.png',3),(136,1,'ЙОАНА МИЛЧЕВА КИРОВА','http://parliament.bg/images/Assembly/1587.png',3),(137,1,'КИРИЛ БОЯНОВ КАЛФИН','http://parliament.bg/images/Assembly/1592.png',3),(138,1,'КИРИЛ ДОБРЕВ ДОБРЕВ','http://parliament.bg/images/Assembly/1596.png',3),(139,1,'КОРНЕЛИЯ ДОБРЕВА МАРИНОВА','http://parliament.bg/images/Assembly/1602.png',3),(140,1,'КРАСИМИР ГЕОРГИЕВ ЦИПОВ','http://parliament.bg/images/Assembly/1599.png',3),(141,1,'КРАСИМИР ЛЮБОМИРОВ ВЕЛЧЕВ','http://parliament.bg/images/Assembly/1598.png',3),(142,1,'КРАСИМИР НЕДЕЛЧЕВ СТЕФАНОВ','http://parliament.bg/images/Assembly/1597.png',3),(143,1,'КРАСИМИРА ПЕНЕВА АНАСТАСОВА','http://parliament.bg/images/Assembly/1606.png',3),(144,1,'ЛИЛЯНА ПАВЛОВА НИКОЛОВА','http://parliament.bg/images/Assembly/1674.png',3),(145,1,'ЛЪЧЕЗАР БОГОМИЛОВ ИВАНОВ','http://parliament.bg/images/Assembly/1605.png',3),(146,1,'ЛЮБЕН ПЕТРОВ ТАТАРСКИ','http://parliament.bg/images/Assembly/1607.png',3),(147,1,'ЛЮБОМИР ДИМИТРОВ ХРИСТОВ','http://parliament.bg/images/Assembly/1613.png',3),(148,1,'МЕНДА КИРИЛОВА СТОЯНОВА','http://parliament.bg/images/Assembly/1615.png',3),(149,1,'МИЛЕНА ЦВЕТАНОВА ДАМЯНОВА','http://parliament.bg/images/Assembly/1623.png',3),(150,1,'МИРОСЛАВ НИКОЛОВ ПЕТКОВ','http://parliament.bg/images/Assembly/1619.png',3),(151,1,'МИТКО ЖИВКОВ ЗАХОВ','http://parliament.bg/images/Assembly/1618.png',3),(152,1,'НЕЛИ РУСКОВА ПЕТРОВА','http://parliament.bg/images/Assembly/1734.png',3),(153,1,'НИКОЛАЙ НАНКОВ НАНКОВ','http://parliament.bg/images/Assembly/1625.png',3),(154,1,'НИКОЛАЙ НИКОЛОВ АПОСТОЛОВ','http://parliament.bg/images/Assembly/1630.png',3),(155,1,'НИКОЛАЙ ПЕТКОВ ПЕТКОВ','http://parliament.bg/images/Assembly/1639.png',3),(156,1,'ПАВЕЛ АЛЕКСЕЕВ ХРИСТОВ','http://parliament.bg/images/Assembly/1637.png',3),(157,1,'ПАВЕЛ АНДРЕЕВ ГУДЖЕРОВ','http://parliament.bg/images/Assembly/1636.png',3),(158,1,'ПЕТЪР ИЛИЕВ ЯКИМОВ','http://parliament.bg/images/Assembly/1733.png',3),(159,1,'ПЕТЯ ЦВЕТАНОВА АВРАМОВА','http://parliament.bg/images/Assembly/1448.png',3),(160,1,'ПЛАМЕН ВЕСЕЛИНОВ ЙОРДАНОВ','http://parliament.bg/images/Assembly/1445.png',3),(161,1,'ПЛАМЕН ДУЛЧЕВ НУНЕВ','http://parliament.bg/images/Assembly/1444.png',3),(162,1,'ПЛАМЕН ИВАНОВ МАНУШЕВ','http://parliament.bg/images/Assembly/1449.png',3),(163,1,'ПЛАМЕН ТАЧЕВ ПЕТРОВ','http://parliament.bg/images/Assembly/1454.png',3),(164,1,'РУМЕН ИВАНОВ ИВАНОВ','http://parliament.bg/images/Assembly/1450.png',3),(165,1,'СВЕТЛАНА АНГЕЛОВА НАЙДЕНОВА','http://parliament.bg/images/Assembly/1458.png',3),(166,1,'СВЕТЛИН ДИМИТРОВ ТАНЧЕВ','http://parliament.bg/images/Assembly/1457.png',3),(167,1,'СЕМИР ХУСЕИН АБУ МЕЛИХ','http://parliament.bg/images/Assembly/1456.png',3),(168,1,'СИЛВИЯ АНАСТАСОВА ХУБЕНОВА','http://parliament.bg/images/Assembly/1455.png',3),(169,1,'СНЕЖИНА МИНЧЕВА МАДЖАРОВА','http://parliament.bg/images/Assembly/1469.png',3),(170,1,'СТАНИСЛАВ СТОЯНОВ ИВАНОВ','http://parliament.bg/images/Assembly/1466.png',3),(171,1,'СТЕФАН ГОСПОДИНОВ ГОСПОДИНОВ','http://parliament.bg/images/Assembly/1464.png',3),(172,1,'СТЕФАН ИВАНОВ ДЕДЕВ','http://parliament.bg/images/Assembly/1463.png',3),(173,1,'СТЕФАНИ МИХНЕВА МИХАЙЛОВА','http://parliament.bg/images/Assembly/1472.png',3),(174,1,'ТЕОДОРА РАДКОВА ГЕОРГИЕВА','http://parliament.bg/images/Assembly/1476.png',3),(175,1,'ТОМИСЛАВ ПЕЙКОВ ДОНЧЕВ','http://parliament.bg/images/Assembly/1474.png',3),(176,1,'ТОТЮ МЛАДЕНОВ МЛАДЕНОВ','http://parliament.bg/images/Assembly/1473.png',3),(177,1,'ХРИСТО ИЛИЕВ КАЛОЯНОВ','http://parliament.bg/images/Assembly/1494.png',3),(178,1,'ЦВЕТА ВЪЛЧЕВА КАРАЯНЧЕВА','http://parliament.bg/images/Assembly/1491.png',3),(179,1,'ЦВЕТАН ГЕНЧЕВ ЦВЕТАНОВ','http://parliament.bg/images/Assembly/1682.png',3),(180,1,'ЦВЕТОМИР ЦВЯТКОВ МИХОВ','http://parliament.bg/images/Assembly/1490.png',3),(181,1,'ЦЕЦКА ЦАЧЕВА ДАНГОВСКА','http://parliament.bg/images/Assembly/1489.png',3),(182,1,'АЛЕКСАНДЪР ХРИСТОВ МЕТОДИЕВ','http://parliament.bg/images/Assembly/1730.png',2),(183,1,'АЛИОСМАН ИБРАИМ ИМАМОВ','http://parliament.bg/images/Assembly/1497.png',2),(184,1,'АХМЕД АХМЕДОВ БАШЕВ','http://parliament.bg/images/Assembly/1509.png',2),(185,1,'ВЕСЕЛИН ВЪЛЕВ ПЕНЕВ','http://parliament.bg/images/Assembly/1517.png',2),(186,1,'ГЕОРГИ СИМЕОНОВ ГОРАНОВ','http://parliament.bg/images/Assembly/1526.png',2),(187,1,'ДЕЛЯН СЛАВЧЕВ ПЕЕВСКИ','http://parliament.bg/images/Assembly/1667.png',2),(188,1,'ДЖЕВДЕТ ИБРЯМ ЧАКЪРОВ','http://parliament.bg/images/Assembly/1549.png',2),(189,1,'ДУРХАН МЕХМЕД МУСТАФА','http://parliament.bg/images/Assembly/1564.png',2),(190,1,'ЕРДИНЧ ИСМАИЛ ХАЙРУЛА','http://parliament.bg/images/Assembly/1565.png',2),(191,1,'ЙОРДАН КИРИЛОВ ЦОНЕВ','http://parliament.bg/images/Assembly/1585.png',2),(192,1,'КАМЕН КОСТОВ КОСТАДИНОВ','http://parliament.bg/images/Assembly/1593.png',2),(193,1,'ЛЮТВИ АХМЕД МЕСТАН','http://parliament.bg/images/Assembly/1677.png',2),(194,1,'МЕХМЕД ЮМЕР АТАМАН','http://parliament.bg/images/Assembly/1691.png',2),(195,1,'МИТХАТ САБРИ МЕТИН','http://parliament.bg/images/Assembly/1617.png',2),(196,1,'МУСТАФА САЛИ КАРАДАЙЪ','http://parliament.bg/images/Assembly/1629.png',2),(197,1,'МУСТАФА ФАХРИ АХМЕД','http://parliament.bg/images/Assembly/1628.png',2),(198,1,'НЕВИН ХАЛИЛ ХАСАН','http://parliament.bg/images/Assembly/1627.png',2),(199,1,'НИГЯР САХЛИМ ДЖАФЕР','http://parliament.bg/images/Assembly/1693.png',2),(200,1,'ПЕТЪР СИМЕОНОВ АНГЕЛОВ','http://parliament.bg/images/Assembly/1441.png',2),(201,1,'ПЕТЯ НИКОЛОВА РАЕВА','http://parliament.bg/images/Assembly/1443.png',2),(202,1,'РАМАДАН БАЙРАМ АТАЛАЙ','http://parliament.bg/images/Assembly/1679.png',2),(203,1,'РУШЕН МЕХМЕД РИЗА','http://parliament.bg/images/Assembly/1460.png',2),(204,1,'СЕРГЕЙ МАНУШОВ КИЧИКОВ','http://parliament.bg/images/Assembly/1705.png',2),(205,1,'ТУНДЖАЙ ОСМАНОВ НАИМОВ','http://parliament.bg/images/Assembly/1481.png',2),(206,1,'ТУНЧЕР МЕХМЕДОВ КЪРДЖАЛИЕВ','http://parliament.bg/images/Assembly/1487.png',2),(207,1,'ФЕРИХАН ИЛИЯЗОВА АХМЕДОВА','http://parliament.bg/images/Assembly/1486.png',2),(208,1,'ХАЛИЛ РЕДЖЕПОВ ЛЕТИФОВ','http://parliament.bg/images/Assembly/1484.png',2),(209,1,'ХАМИ ИБРАХИМОВ ХАМИЕВ','http://parliament.bg/images/Assembly/1706.png',2),(210,1,'ХАМИД БАРИ ХАМИД','http://parliament.bg/images/Assembly/1483.png',2),(211,1,'ХАСАН ИЛИЯЗ ХАДЖИХАСАН','http://parliament.bg/images/Assembly/1488.png',2),(212,1,'ХРИСТО ДАМЯНОВ БИСЕРОВ','http://parliament.bg/images/Assembly/1495.png',2),(213,1,'ХЮСЕИН ХАСАН ХАФЪЗОВ','http://parliament.bg/images/Assembly/1492.png',2),(214,1,'ЧЕТИН ХЮСЕИН КАЗАК','http://parliament.bg/images/Assembly/1496.png',2),(215,1,'ШЕНДОАН РЕМЗИ ХАЛИТ','http://parliament.bg/images/Assembly/1683.png',2),(216,1,'ЩЕРЬО ЩЕРЕВ ЩЕРЕВ','http://parliament.bg/images/Assembly/1505.png',2),(217,1,'ЯНКО АЛЕКСАНДРОВ ЯНКОВ','http://parliament.bg/images/Assembly/1502.png',2),(218,1,'АДРИАН ХРИСТОВ АСЕНОВ','http://parliament.bg/images/Assembly/1501.png',4),(219,1,'ВЕНЦИСЛАВ АСЕНОВ ЛАКОВ','http://parliament.bg/images/Assembly/1661.png',4),(220,1,'ВОЛЕН НИКОЛОВ СИДЕРОВ','http://parliament.bg/images/Assembly/1664.png',4),(221,1,'ГАЛЕН СИМЕОНОВ МОНЕВ','http://parliament.bg/images/Assembly/1531.png',4),(222,1,'ДЕНИЦА СТОИЛОВА ГАДЖЕВА','http://parliament.bg/images/Assembly/1668.png',4),(223,1,'ДЕСИСЛАВ СЛАВОВ ЧУКОЛОВ','http://parliament.bg/images/Assembly/1669.png',4),(224,1,'ДИМИТЪР ВАСИЛЕВ АВРАМОВ','http://parliament.bg/images/Assembly/1553.png',4),(225,1,'ДИМИТЪР ДИМЧЕВ ДИМОВ','http://parliament.bg/images/Assembly/1563.png',4),(226,1,'ИВАН ТОДОРОВ ДИМИТРОВ','http://parliament.bg/images/Assembly/1690.png',4),(227,1,'ИЛИАН САШОВ ТОДОРОВ','http://parliament.bg/images/Assembly/1673.png',4),(228,1,'КАЛИНА ПЕТРОВА БАЛАБАНОВА','http://parliament.bg/images/Assembly/1692.png',4),(229,1,'КИРИЛ КРАСИМИРОВ КОЛЕВ','http://parliament.bg/images/Assembly/1666.png',4),(230,1,'КРИСТИЯН РОБЕРТ ДИМИТРОВ','http://parliament.bg/images/Assembly/1688.png',4),(231,1,'ЛЮБОМИР ВЛАДИМИРОВ ВЛАДИМИРОВ','http://parliament.bg/images/Assembly/1676.png',4),(232,1,'МАГДАЛЕНА ЛАМБОВА ТАШЕВА','http://parliament.bg/images/Assembly/1612.png',4),(233,1,'МАРГАРИТА НИКОЛАЕВА НИКОЛОВА','http://parliament.bg/images/Assembly/1672.png',4),(234,1,'МИГЛЕНА ДОЙКОВА АЛЕКСАНДРОВА','http://parliament.bg/images/Assembly/1699.png',4),(235,1,'НИКОЛАЙ ВЕСЕЛИНОВ АЛЕКСАНДРОВ','http://parliament.bg/images/Assembly/1678.png',4),(236,1,'ПАВЕЛ ДИМИТРОВ ШОПОВ','http://parliament.bg/images/Assembly/1635.png',4),(237,1,'ПЕТЪР ИВАНОВ ПЕТРОВ','http://parliament.bg/images/Assembly/1697.png',4),(238,1,'РАДИ НИКОЛОВ СТОЯНОВ','http://parliament.bg/images/Assembly/1686.png',4),(239,1,'СТАНИСЛАВ ТОДОРОВ СТАНИЛОВ','http://parliament.bg/images/Assembly/1465.png',4),(240,1,'ЯВОР БОЖИЛОВ НОТЕВ','http://parliament.bg/images/Assembly/1684.png',4);
/*!40000 ALTER TABLE `item` ENABLE KEYS */;
UNLOCK TABLES;

--
-- Table structure for table `prop`
--

DROP TABLE IF EXISTS `prop`;
/*!40101 SET @saved_cs_client     = @@character_set_client */;
/*!40101 SET character_set_client = utf8 */;
CREATE TABLE `prop` (
  `id` int(11) NOT NULL AUTO_INCREMENT,
  `gameid` int(11) NOT NULL,
  `name` varchar(500) COLLATE utf8_unicode_ci DEFAULT NULL,
  `vars` varchar(1000) COLLATE utf8_unicode_ci DEFAULT NULL,
  PRIMARY KEY (`id`),
  KEY `gameid` (`gameid`),
  CONSTRAINT `prop_ibfk_1` FOREIGN KEY (`gameid`) REFERENCES `game` (`id`)
) ENGINE=InnoDB AUTO_INCREMENT=9 DEFAULT CHARSET=utf8 COLLATE=utf8_unicode_ci;
/*!40101 SET character_set_client = @saved_cs_client */;

--
-- Dumping data for table `prop`
--

LOCK TABLES `prop` WRITE;
/*!40000 ALTER TABLE `prop` DISABLE KEYS */;
INSERT INTO `prop` VALUES (1,1,'БСП','#E30B0B'),(2,1,'ДПС','#8F0596'),(3,1,'ГЕРБ','#4759DE'),(4,1,'АТАКА','#735510'),(5,2,'Гласувал е за','#E30B0B'),(6,2,'Гласувал е против','#E30B0B'),(7,2,'Гласувал е въздържал се','#E30B0B'),(8,2,'Не е участвал в заседанието','#E30B0B');
/*!40000 ALTER TABLE `prop` ENABLE KEYS */;
UNLOCK TABLES;

--
-- Table structure for table `result`
--

DROP TABLE IF EXISTS `result`;
/*!40101 SET @saved_cs_client     = @@character_set_client */;
/*!40101 SET character_set_client = utf8 */;
CREATE TABLE `result` (
  `id` int(11) NOT NULL AUTO_INCREMENT,
  `gamesessid` varchar(100) COLLATE utf8_unicode_ci DEFAULT NULL,
  `itemid` int(11) DEFAULT NULL,
  `guessprop` int(11) DEFAULT NULL,
  `corrprop` int(11) DEFAULT NULL,
  `tm` datetime DEFAULT NULL,
  PRIMARY KEY (`id`),
  UNIQUE KEY `gamesessid_itemid` (`gamesessid`,`itemid`),
  KEY `itemid` (`itemid`),
  KEY `guessprop` (`guessprop`),
  KEY `corrprop` (`corrprop`),
  CONSTRAINT `result_ibfk_1` FOREIGN KEY (`gamesessid`) REFERENCES `gamesess` (`id`),
  CONSTRAINT `result_ibfk_2` FOREIGN KEY (`itemid`) REFERENCES `item` (`id`),
  CONSTRAINT `result_ibfk_3` FOREIGN KEY (`guessprop`) REFERENCES `prop` (`id`),
  CONSTRAINT `result_ibfk_4` FOREIGN KEY (`corrprop`) REFERENCES `prop` (`id`)
) ENGINE=InnoDB AUTO_INCREMENT=984 DEFAULT CHARSET=utf8 COLLATE=utf8_unicode_ci;
/*!40101 SET character_set_client = @saved_cs_client */;

--
-- Dumping data for table `result`
--

LOCK TABLES `result` WRITE;
/*!40000 ALTER TABLE `result` DISABLE KEYS */;
INSERT INTO `result` VALUES (3,'e1616085a2040c297e769479c243e15a4f7b14c9',152,1,3,NULL),(4,'fdbd10f02a2dc6001d880236fd31257c0ddbf12c',209,1,2,NULL),(5,'fdbd10f02a2dc6001d880236fd31257c0ddbf12c',28,1,1,NULL),(6,'fdbd10f02a2dc6001d880236fd31257c0ddbf12c',6,2,1,NULL),(7,'fdbd10f02a2dc6001d880236fd31257c0ddbf12c',156,2,3,'0000-00-00 00:00:00'),(8,'fdbd10f02a2dc6001d880236fd31257c0ddbf12c',48,3,1,'2013-09-06 11:09:29'),(9,'fdbd10f02a2dc6001d880236fd31257c0ddbf12c',54,2,1,'2013-09-06 11:23:11'),(10,'fdbd10f02a2dc6001d880236fd31257c0ddbf12c',131,1,3,'2013-09-06 11:23:48'),(11,'fdbd10f02a2dc6001d880236fd31257c0ddbf12c',239,1,4,'2013-09-06 11:23:51'),(12,'fdbd10f02a2dc6001d880236fd31257c0ddbf12c',93,3,3,'2013-09-06 11:23:54'),(13,'fdbd10f02a2dc6001d880236fd31257c0ddbf12c',233,4,4,'2013-09-06 16:42:49'),(196,'c961632a94733a34d51139c7c3d2218a346ed5df',232,3,4,'2013-09-09 11:29:11'),(197,'c961632a94733a34d51139c7c3d2218a346ed5df',89,3,3,'2013-09-09 11:29:16'),(198,'c961632a94733a34d51139c7c3d2218a346ed5df',151,2,3,'2013-09-09 11:36:32'),(199,'c961632a94733a34d51139c7c3d2218a346ed5df',115,1,3,'2013-09-09 11:36:40'),(200,'c961632a94733a34d51139c7c3d2218a346ed5df',185,3,2,'2013-09-09 11:36:44'),(201,'c961632a94733a34d51139c7c3d2218a346ed5df',224,4,4,'2013-09-09 11:36:51'),(202,'c961632a94733a34d51139c7c3d2218a346ed5df',10,3,1,'2013-09-09 11:36:54'),(203,'c961632a94733a34d51139c7c3d2218a346ed5df',52,1,1,'2013-09-09 11:36:57'),(204,'c961632a94733a34d51139c7c3d2218a346ed5df',135,3,3,'2013-09-09 11:36:59'),(205,'c961632a94733a34d51139c7c3d2218a346ed5df',63,1,1,'2013-09-09 11:37:03'),(206,'c961632a94733a34d51139c7c3d2218a346ed5df',153,2,3,'2013-09-09 11:37:07'),(207,'c961632a94733a34d51139c7c3d2218a346ed5df',208,2,2,'2013-09-09 11:37:10'),(208,'c961632a94733a34d51139c7c3d2218a346ed5df',119,3,3,'2013-09-09 11:37:13'),(209,'c961632a94733a34d51139c7c3d2218a346ed5df',235,3,4,'2013-09-09 11:37:15'),(210,'c961632a94733a34d51139c7c3d2218a346ed5df',20,3,1,'2013-09-09 11:37:18'),(211,'c961632a94733a34d51139c7c3d2218a346ed5df',198,1,2,'2013-09-09 11:37:21'),(220,'c961632a94733a34d51139c7c3d2218a346ed5df',72,1,1,'2013-09-09 11:49:56'),(221,'c961632a94733a34d51139c7c3d2218a346ed5df',71,1,1,'2013-09-09 11:49:59'),(222,'c961632a94733a34d51139c7c3d2218a346ed5df',168,3,3,'2013-09-09 11:50:03'),(223,'c961632a94733a34d51139c7c3d2218a346ed5df',150,2,3,'2013-09-09 11:50:05'),(224,'c961632a94733a34d51139c7c3d2218a346ed5df',193,2,2,'2013-09-09 11:50:09'),(225,'c961632a94733a34d51139c7c3d2218a346ed5df',215,3,2,'2013-09-09 11:50:14'),(226,'c961632a94733a34d51139c7c3d2218a346ed5df',66,3,1,'2013-09-09 11:50:17'),(227,'c961632a94733a34d51139c7c3d2218a346ed5df',175,3,3,'2013-09-09 11:50:19'),(228,'c961632a94733a34d51139c7c3d2218a346ed5df',237,1,4,'2013-09-09 12:03:17'),(229,'c961632a94733a34d51139c7c3d2218a346ed5df',133,2,3,'2013-09-09 12:03:20'),(230,'c961632a94733a34d51139c7c3d2218a346ed5df',114,2,3,'2013-09-09 12:03:23'),(231,'c961632a94733a34d51139c7c3d2218a346ed5df',64,1,1,'2013-09-09 12:03:27'),(232,'c961632a94733a34d51139c7c3d2218a346ed5df',81,3,1,'2013-09-09 12:03:29'),(233,'c961632a94733a34d51139c7c3d2218a346ed5df',219,4,4,'2013-09-09 12:03:34'),(234,'c961632a94733a34d51139c7c3d2218a346ed5df',54,2,1,'2013-09-09 12:03:39'),(235,'c961632a94733a34d51139c7c3d2218a346ed5df',238,3,4,'2013-09-09 12:03:42'),(236,'c961632a94733a34d51139c7c3d2218a346ed5df',147,1,3,'2013-09-09 12:03:45'),(246,'df5c250fe5d6145995c695eee785e78a5dd2af1f',27,1,1,'2013-09-09 12:30:07'),(247,'df5c250fe5d6145995c695eee785e78a5dd2af1f',213,3,2,'2013-09-09 12:30:11'),(248,'df5c250fe5d6145995c695eee785e78a5dd2af1f',231,2,4,'2013-09-09 12:30:13'),(249,'df5c250fe5d6145995c695eee785e78a5dd2af1f',92,2,3,'2013-09-09 12:30:19'),(250,'df5c250fe5d6145995c695eee785e78a5dd2af1f',233,4,4,'2013-09-09 12:30:22'),(251,'df5c250fe5d6145995c695eee785e78a5dd2af1f',152,3,3,'2013-09-09 12:30:24'),(252,'e2ab1f47a1184623cfb7a047bc7ff31412bc86bd',181,3,3,'2013-09-09 12:30:54'),(253,'e2ab1f47a1184623cfb7a047bc7ff31412bc86bd',116,3,3,'2013-09-09 12:30:57'),(254,'e2ab1f47a1184623cfb7a047bc7ff31412bc86bd',197,3,2,'2013-09-09 12:30:59'),(255,'e2ab1f47a1184623cfb7a047bc7ff31412bc86bd',124,1,3,'2013-09-09 12:31:03'),(256,'e2ab1f47a1184623cfb7a047bc7ff31412bc86bd',12,1,1,'2013-09-09 12:31:06'),(257,'e2ab1f47a1184623cfb7a047bc7ff31412bc86bd',147,1,3,'2013-09-09 12:31:08'),(258,'e2ab1f47a1184623cfb7a047bc7ff31412bc86bd',40,1,1,'2013-09-09 12:31:11'),(259,'e2ab1f47a1184623cfb7a047bc7ff31412bc86bd',204,1,2,'2013-09-09 12:31:19'),(260,'c961632a94733a34d51139c7c3d2218a346ed5df',96,3,3,'2013-09-09 12:49:17'),(261,'c961632a94733a34d51139c7c3d2218a346ed5df',85,1,3,'2013-09-09 12:49:22'),(262,'c961632a94733a34d51139c7c3d2218a346ed5df',42,1,1,'2013-09-09 12:49:25'),(263,'c961632a94733a34d51139c7c3d2218a346ed5df',59,2,1,'2013-09-09 12:49:32'),(264,'c961632a94733a34d51139c7c3d2218a346ed5df',144,3,3,'2013-09-09 12:49:35'),(265,'c961632a94733a34d51139c7c3d2218a346ed5df',55,1,1,'2013-09-09 12:49:38'),(266,'c961632a94733a34d51139c7c3d2218a346ed5df',28,1,1,'2013-09-09 12:49:40'),(267,'c961632a94733a34d51139c7c3d2218a346ed5df',165,1,3,'2013-09-09 12:49:44'),(268,'c961632a94733a34d51139c7c3d2218a346ed5df',230,4,4,'2013-09-09 12:49:47'),(269,'e2ab1f47a1184623cfb7a047bc7ff31412bc86bd',67,1,1,'2013-09-09 12:57:36'),(270,'e2ab1f47a1184623cfb7a047bc7ff31412bc86bd',93,3,3,'2013-09-09 12:57:38'),(271,'c961632a94733a34d51139c7c3d2218a346ed5df',14,1,1,'2013-09-09 12:58:19'),(272,'e2ab1f47a1184623cfb7a047bc7ff31412bc86bd',18,1,1,'2013-09-09 12:58:41'),(273,'e2ab1f47a1184623cfb7a047bc7ff31412bc86bd',9,1,1,'2013-09-09 12:58:43'),(274,'e2ab1f47a1184623cfb7a047bc7ff31412bc86bd',8,2,1,'2013-09-09 12:58:44'),(275,'e2ab1f47a1184623cfb7a047bc7ff31412bc86bd',47,3,1,'2013-09-09 12:58:46'),(276,'e2ab1f47a1184623cfb7a047bc7ff31412bc86bd',226,4,4,'2013-09-09 12:58:49'),(277,'e2ab1f47a1184623cfb7a047bc7ff31412bc86bd',29,3,1,'2013-09-09 12:58:51'),(278,'e2ab1f47a1184623cfb7a047bc7ff31412bc86bd',31,1,1,'2013-09-09 12:58:54'),(279,'e2ab1f47a1184623cfb7a047bc7ff31412bc86bd',179,3,3,'2013-09-09 12:58:57'),(280,'75e19b1c55643ebffb6d687c4bc298f041b6b88e',83,1,1,'2013-09-09 12:59:50'),(281,'75e19b1c55643ebffb6d687c4bc298f041b6b88e',142,3,3,'2013-09-09 13:00:31'),(282,'75e19b1c55643ebffb6d687c4bc298f041b6b88e',38,4,1,'2013-09-09 13:00:37'),(283,'75e19b1c55643ebffb6d687c4bc298f041b6b88e',52,1,1,'2013-09-09 13:01:26'),(284,'75e19b1c55643ebffb6d687c4bc298f041b6b88e',132,3,3,'2013-09-09 13:02:45'),(285,'75e19b1c55643ebffb6d687c4bc298f041b6b88e',195,2,2,'2013-09-09 13:02:48'),(286,'75e19b1c55643ebffb6d687c4bc298f041b6b88e',162,1,3,'2013-09-09 13:02:51'),(287,'75e19b1c55643ebffb6d687c4bc298f041b6b88e',146,1,3,'2013-09-09 13:02:57'),(288,'75e19b1c55643ebffb6d687c4bc298f041b6b88e',41,3,1,'2013-09-09 13:02:59'),(289,'75e19b1c55643ebffb6d687c4bc298f041b6b88e',68,1,1,'2013-09-09 13:03:02'),(290,'75e19b1c55643ebffb6d687c4bc298f041b6b88e',155,3,3,'2013-09-09 13:05:32'),(291,'75e19b1c55643ebffb6d687c4bc298f041b6b88e',200,3,2,'2013-09-09 13:05:36'),(292,'75e19b1c55643ebffb6d687c4bc298f041b6b88e',76,2,1,'2013-09-09 13:05:39'),(293,'75e19b1c55643ebffb6d687c4bc298f041b6b88e',117,1,3,'2013-09-09 13:05:42'),(294,'75e19b1c55643ebffb6d687c4bc298f041b6b88e',204,3,2,'2013-09-09 13:05:45'),(295,'75e19b1c55643ebffb6d687c4bc298f041b6b88e',214,1,2,'2013-09-09 13:05:49'),(296,'75e19b1c55643ebffb6d687c4bc298f041b6b88e',29,1,1,'2013-09-09 13:05:52'),(297,'75e19b1c55643ebffb6d687c4bc298f041b6b88e',54,2,1,'2013-09-09 13:05:59'),(298,'75e19b1c55643ebffb6d687c4bc298f041b6b88e',145,3,3,'2013-09-09 13:06:02'),(299,'75e19b1c55643ebffb6d687c4bc298f041b6b88e',5,3,1,'2013-09-09 13:06:04'),(300,'75e19b1c55643ebffb6d687c4bc298f041b6b88e',177,2,3,'2013-09-09 13:06:21'),(301,'75e19b1c55643ebffb6d687c4bc298f041b6b88e',77,3,1,'2013-09-09 13:06:23'),(302,'75e19b1c55643ebffb6d687c4bc298f041b6b88e',203,2,2,'2013-09-09 13:06:30'),(303,'75e19b1c55643ebffb6d687c4bc298f041b6b88e',236,1,4,'2013-09-09 13:07:08'),(304,'24fb5e7cd654c0406ab23e00da2f80d2265a5f97',234,2,4,'2013-09-09 13:13:09'),(305,'24fb5e7cd654c0406ab23e00da2f80d2265a5f97',147,1,3,'2013-09-09 13:13:12'),(306,'24fb5e7cd654c0406ab23e00da2f80d2265a5f97',88,3,3,'2013-09-09 13:13:15'),(307,'24fb5e7cd654c0406ab23e00da2f80d2265a5f97',193,1,2,'2013-09-09 13:13:22'),(308,'24fb5e7cd654c0406ab23e00da2f80d2265a5f97',131,3,3,'2013-09-09 13:13:26'),(309,'24fb5e7cd654c0406ab23e00da2f80d2265a5f97',170,2,3,'2013-09-09 13:13:29'),(310,'24fb5e7cd654c0406ab23e00da2f80d2265a5f97',18,2,1,'2013-09-09 13:13:31'),(311,'24fb5e7cd654c0406ab23e00da2f80d2265a5f97',90,3,3,'2013-09-09 13:13:33'),(312,'24fb5e7cd654c0406ab23e00da2f80d2265a5f97',169,3,3,'2013-09-09 13:13:35'),(313,'24fb5e7cd654c0406ab23e00da2f80d2265a5f97',144,1,3,'2013-09-09 13:13:38'),(314,'24fb5e7cd654c0406ab23e00da2f80d2265a5f97',201,3,2,'2013-09-09 13:13:42'),(315,'24fb5e7cd654c0406ab23e00da2f80d2265a5f97',192,2,2,'2013-09-09 13:13:45'),(316,'24fb5e7cd654c0406ab23e00da2f80d2265a5f97',206,4,2,'2013-09-09 13:13:47'),(317,'24fb5e7cd654c0406ab23e00da2f80d2265a5f97',5,1,1,'2013-09-09 13:14:01'),(318,'24fb5e7cd654c0406ab23e00da2f80d2265a5f97',222,2,4,'2013-09-09 13:14:03'),(319,'24fb5e7cd654c0406ab23e00da2f80d2265a5f97',174,4,3,'2013-09-09 13:14:08'),(320,'24fb5e7cd654c0406ab23e00da2f80d2265a5f97',71,4,1,'2013-09-09 13:14:12'),(321,'24fb5e7cd654c0406ab23e00da2f80d2265a5f97',79,2,1,'2013-09-09 13:14:14'),(322,'24fb5e7cd654c0406ab23e00da2f80d2265a5f97',86,1,3,'2013-09-09 13:14:16'),(323,'24fb5e7cd654c0406ab23e00da2f80d2265a5f97',141,3,3,'2013-09-09 13:14:18'),(324,'24fb5e7cd654c0406ab23e00da2f80d2265a5f97',182,4,2,'2013-09-09 13:14:19'),(325,'24fb5e7cd654c0406ab23e00da2f80d2265a5f97',150,2,3,'2013-09-09 13:14:23'),(326,'24fb5e7cd654c0406ab23e00da2f80d2265a5f97',76,2,1,'2013-09-09 13:14:25'),(327,'24fb5e7cd654c0406ab23e00da2f80d2265a5f97',109,1,3,'2013-09-09 13:14:26'),(328,'24fb5e7cd654c0406ab23e00da2f80d2265a5f97',93,1,3,'2013-09-09 13:14:31'),(329,'24fb5e7cd654c0406ab23e00da2f80d2265a5f97',180,3,3,'2013-09-09 13:14:34'),(330,'24fb5e7cd654c0406ab23e00da2f80d2265a5f97',137,4,3,'2013-09-09 13:14:36'),(331,'24fb5e7cd654c0406ab23e00da2f80d2265a5f97',223,4,4,'2013-09-09 13:14:38'),(332,'24fb5e7cd654c0406ab23e00da2f80d2265a5f97',196,3,2,'2013-09-09 13:14:42'),(333,'24fb5e7cd654c0406ab23e00da2f80d2265a5f97',37,2,1,'2013-09-09 13:14:45'),(334,'24fb5e7cd654c0406ab23e00da2f80d2265a5f97',4,1,1,'2013-09-09 13:14:46'),(335,'24fb5e7cd654c0406ab23e00da2f80d2265a5f97',30,2,1,'2013-09-09 13:14:47'),(336,'24fb5e7cd654c0406ab23e00da2f80d2265a5f97',44,3,1,'2013-09-09 13:14:49'),(337,'24fb5e7cd654c0406ab23e00da2f80d2265a5f97',123,1,3,'2013-09-09 13:14:52'),(338,'24fb5e7cd654c0406ab23e00da2f80d2265a5f97',160,3,3,'2013-09-09 13:14:54'),(339,'24fb5e7cd654c0406ab23e00da2f80d2265a5f97',132,3,3,'2013-09-09 13:14:56'),(340,'24fb5e7cd654c0406ab23e00da2f80d2265a5f97',199,1,2,'2013-09-09 13:14:58'),(341,'24fb5e7cd654c0406ab23e00da2f80d2265a5f97',120,4,3,'2013-09-09 13:15:00'),(342,'24fb5e7cd654c0406ab23e00da2f80d2265a5f97',51,3,1,'2013-09-09 13:15:03'),(343,'24fb5e7cd654c0406ab23e00da2f80d2265a5f97',121,4,3,'2013-09-09 13:15:08'),(344,'24fb5e7cd654c0406ab23e00da2f80d2265a5f97',14,1,1,'2013-09-09 13:15:11'),(345,'24fb5e7cd654c0406ab23e00da2f80d2265a5f97',202,2,2,'2013-09-09 13:15:12'),(346,'24fb5e7cd654c0406ab23e00da2f80d2265a5f97',67,3,1,'2013-09-09 13:15:13'),(347,'24fb5e7cd654c0406ab23e00da2f80d2265a5f97',207,4,2,'2013-09-09 13:15:13'),(348,'24fb5e7cd654c0406ab23e00da2f80d2265a5f97',1,1,1,'2013-09-09 13:15:15'),(349,'24fb5e7cd654c0406ab23e00da2f80d2265a5f97',100,1,3,'2013-09-09 13:15:17'),(350,'24fb5e7cd654c0406ab23e00da2f80d2265a5f97',70,1,1,'2013-09-09 13:15:20'),(351,'24fb5e7cd654c0406ab23e00da2f80d2265a5f97',124,3,3,'2013-09-09 13:15:22'),(352,'24fb5e7cd654c0406ab23e00da2f80d2265a5f97',45,2,1,'2013-09-09 13:15:24'),(353,'24fb5e7cd654c0406ab23e00da2f80d2265a5f97',59,2,1,'2013-09-09 13:15:26'),(354,'24fb5e7cd654c0406ab23e00da2f80d2265a5f97',175,2,3,'2013-09-09 13:15:27'),(355,'24fb5e7cd654c0406ab23e00da2f80d2265a5f97',49,2,1,'2013-09-09 13:15:30'),(356,'24fb5e7cd654c0406ab23e00da2f80d2265a5f97',152,3,3,'2013-09-09 13:15:32'),(357,'24fb5e7cd654c0406ab23e00da2f80d2265a5f97',101,3,3,'2013-09-09 13:15:34'),(358,'24fb5e7cd654c0406ab23e00da2f80d2265a5f97',63,2,1,'2013-09-09 13:15:36'),(359,'24fb5e7cd654c0406ab23e00da2f80d2265a5f97',69,1,1,'2013-09-09 13:15:39'),(360,'24fb5e7cd654c0406ab23e00da2f80d2265a5f97',216,1,2,'2013-09-09 13:15:41'),(361,'24fb5e7cd654c0406ab23e00da2f80d2265a5f97',140,4,3,'2013-09-09 13:15:45'),(362,'24fb5e7cd654c0406ab23e00da2f80d2265a5f97',154,4,3,'2013-09-09 13:15:47'),(363,'24fb5e7cd654c0406ab23e00da2f80d2265a5f97',92,4,3,'2013-09-09 13:15:48'),(364,'24fb5e7cd654c0406ab23e00da2f80d2265a5f97',167,4,3,'2013-09-09 13:15:50'),(365,'24fb5e7cd654c0406ab23e00da2f80d2265a5f97',48,2,1,'2013-09-09 13:15:51'),(366,'24fb5e7cd654c0406ab23e00da2f80d2265a5f97',94,3,3,'2013-09-09 13:15:53'),(367,'24fb5e7cd654c0406ab23e00da2f80d2265a5f97',156,1,3,'2013-09-09 13:15:55'),(368,'24fb5e7cd654c0406ab23e00da2f80d2265a5f97',189,1,2,'2013-09-09 13:15:58'),(369,'24fb5e7cd654c0406ab23e00da2f80d2265a5f97',204,3,2,'2013-09-09 13:16:00'),(370,'24fb5e7cd654c0406ab23e00da2f80d2265a5f97',228,3,4,'2013-09-09 13:16:03'),(371,'24fb5e7cd654c0406ab23e00da2f80d2265a5f97',128,3,3,'2013-09-09 13:16:06'),(372,'24fb5e7cd654c0406ab23e00da2f80d2265a5f97',29,3,1,'2013-09-09 13:16:07'),(373,'24fb5e7cd654c0406ab23e00da2f80d2265a5f97',61,3,1,'2013-09-09 13:16:10'),(374,'24fb5e7cd654c0406ab23e00da2f80d2265a5f97',21,4,1,'2013-09-09 13:16:19'),(375,'24fb5e7cd654c0406ab23e00da2f80d2265a5f97',43,3,1,'2013-09-09 13:16:21'),(376,'24fb5e7cd654c0406ab23e00da2f80d2265a5f97',168,3,3,'2013-09-09 13:16:24'),(377,'24fb5e7cd654c0406ab23e00da2f80d2265a5f97',134,3,3,'2013-09-09 13:16:25'),(378,'24fb5e7cd654c0406ab23e00da2f80d2265a5f97',164,1,3,'2013-09-09 13:16:29'),(379,'24fb5e7cd654c0406ab23e00da2f80d2265a5f97',104,3,3,'2013-09-09 13:16:31'),(380,'24fb5e7cd654c0406ab23e00da2f80d2265a5f97',219,2,4,'2013-09-09 13:16:34'),(381,'24fb5e7cd654c0406ab23e00da2f80d2265a5f97',56,1,1,'2013-09-09 13:16:36'),(382,'24fb5e7cd654c0406ab23e00da2f80d2265a5f97',143,3,3,'2013-09-09 13:16:38'),(383,'24fb5e7cd654c0406ab23e00da2f80d2265a5f97',153,3,3,'2013-09-09 13:16:40'),(384,'24fb5e7cd654c0406ab23e00da2f80d2265a5f97',72,1,1,'2013-09-09 13:16:44'),(385,'24fb5e7cd654c0406ab23e00da2f80d2265a5f97',158,2,3,'2013-09-09 13:16:53'),(386,'24fb5e7cd654c0406ab23e00da2f80d2265a5f97',26,3,1,'2013-09-09 13:16:54'),(387,'24fb5e7cd654c0406ab23e00da2f80d2265a5f97',80,1,1,'2013-09-09 13:16:57'),(388,'24fb5e7cd654c0406ab23e00da2f80d2265a5f97',203,3,2,'2013-09-09 13:16:59'),(389,'24fb5e7cd654c0406ab23e00da2f80d2265a5f97',115,2,3,'2013-09-09 13:17:01'),(390,'24fb5e7cd654c0406ab23e00da2f80d2265a5f97',20,3,1,'2013-09-09 13:17:03'),(391,'24fb5e7cd654c0406ab23e00da2f80d2265a5f97',107,3,3,'2013-09-09 13:17:05'),(392,'24fb5e7cd654c0406ab23e00da2f80d2265a5f97',57,1,1,'2013-09-09 13:17:08'),(393,'24fb5e7cd654c0406ab23e00da2f80d2265a5f97',194,2,2,'2013-09-09 13:17:10'),(394,'24fb5e7cd654c0406ab23e00da2f80d2265a5f97',212,1,2,'2013-09-09 13:17:12'),(395,'24fb5e7cd654c0406ab23e00da2f80d2265a5f97',130,1,3,'2013-09-09 13:17:15'),(396,'24fb5e7cd654c0406ab23e00da2f80d2265a5f97',176,3,3,'2013-09-09 13:17:18'),(397,'24fb5e7cd654c0406ab23e00da2f80d2265a5f97',224,1,4,'2013-09-09 13:17:21'),(398,'24fb5e7cd654c0406ab23e00da2f80d2265a5f97',66,1,1,'2013-09-09 13:17:26'),(399,'24fb5e7cd654c0406ab23e00da2f80d2265a5f97',52,3,1,'2013-09-09 13:17:27'),(400,'24fb5e7cd654c0406ab23e00da2f80d2265a5f97',122,2,3,'2013-09-09 13:17:30'),(401,'24fb5e7cd654c0406ab23e00da2f80d2265a5f97',195,4,2,'2013-09-09 13:17:33'),(402,'24fb5e7cd654c0406ab23e00da2f80d2265a5f97',220,2,4,'2013-09-09 13:17:35'),(403,'24fb5e7cd654c0406ab23e00da2f80d2265a5f97',82,1,1,'2013-09-09 13:17:39'),(404,'24fb5e7cd654c0406ab23e00da2f80d2265a5f97',213,4,2,'2013-09-09 13:17:43'),(405,'24fb5e7cd654c0406ab23e00da2f80d2265a5f97',186,3,2,'2013-09-09 13:17:46'),(406,'24fb5e7cd654c0406ab23e00da2f80d2265a5f97',221,4,4,'2013-09-09 13:17:50'),(407,'24fb5e7cd654c0406ab23e00da2f80d2265a5f97',24,1,1,'2013-09-09 13:17:53'),(408,'24fb5e7cd654c0406ab23e00da2f80d2265a5f97',148,3,3,'2013-09-09 13:17:55'),(409,'24fb5e7cd654c0406ab23e00da2f80d2265a5f97',103,3,3,'2013-09-09 13:17:58'),(410,'24fb5e7cd654c0406ab23e00da2f80d2265a5f97',99,1,3,'2013-09-09 13:18:01'),(411,'24fb5e7cd654c0406ab23e00da2f80d2265a5f97',112,3,3,'2013-09-09 13:18:03'),(412,'24fb5e7cd654c0406ab23e00da2f80d2265a5f97',91,2,3,'2013-09-09 13:18:05'),(413,'24fb5e7cd654c0406ab23e00da2f80d2265a5f97',111,3,3,'2013-09-09 13:18:07'),(414,'24fb5e7cd654c0406ab23e00da2f80d2265a5f97',75,1,1,'2013-09-09 13:18:11'),(415,'24fb5e7cd654c0406ab23e00da2f80d2265a5f97',105,4,3,'2013-09-09 13:18:18'),(416,'24fb5e7cd654c0406ab23e00da2f80d2265a5f97',138,2,3,'2013-09-09 13:18:20'),(417,'24fb5e7cd654c0406ab23e00da2f80d2265a5f97',171,3,3,'2013-09-09 13:18:22'),(418,'24fb5e7cd654c0406ab23e00da2f80d2265a5f97',159,3,3,'2013-09-09 13:18:24'),(419,'24fb5e7cd654c0406ab23e00da2f80d2265a5f97',163,1,3,'2013-09-09 13:18:27'),(420,'24fb5e7cd654c0406ab23e00da2f80d2265a5f97',214,2,2,'2013-09-09 13:18:35'),(421,'24fb5e7cd654c0406ab23e00da2f80d2265a5f97',84,3,1,'2013-09-09 13:18:37'),(422,'24fb5e7cd654c0406ab23e00da2f80d2265a5f97',58,4,1,'2013-09-09 13:18:41'),(423,'24fb5e7cd654c0406ab23e00da2f80d2265a5f97',28,3,1,'2013-09-09 13:18:43'),(424,'24fb5e7cd654c0406ab23e00da2f80d2265a5f97',9,3,1,'2013-09-09 13:18:46'),(425,'24fb5e7cd654c0406ab23e00da2f80d2265a5f97',136,3,3,'2013-09-09 13:18:49'),(426,'24fb5e7cd654c0406ab23e00da2f80d2265a5f97',89,3,3,'2013-09-09 13:18:51'),(427,'24fb5e7cd654c0406ab23e00da2f80d2265a5f97',113,3,3,'2013-09-09 13:18:53'),(428,'24fb5e7cd654c0406ab23e00da2f80d2265a5f97',85,3,3,'2013-09-09 13:18:54'),(429,'24fb5e7cd654c0406ab23e00da2f80d2265a5f97',151,2,3,'2013-09-09 13:18:56'),(430,'24fb5e7cd654c0406ab23e00da2f80d2265a5f97',6,3,1,'2013-09-09 13:18:59'),(431,'24fb5e7cd654c0406ab23e00da2f80d2265a5f97',205,1,2,'2013-09-09 13:19:01'),(432,'24fb5e7cd654c0406ab23e00da2f80d2265a5f97',98,4,3,'2013-09-09 13:19:04'),(433,'24fb5e7cd654c0406ab23e00da2f80d2265a5f97',188,1,2,'2013-09-09 13:19:06'),(434,'24fb5e7cd654c0406ab23e00da2f80d2265a5f97',225,1,4,'2013-09-09 13:19:36'),(435,'24fb5e7cd654c0406ab23e00da2f80d2265a5f97',13,2,1,'2013-09-09 13:19:38'),(436,'24fb5e7cd654c0406ab23e00da2f80d2265a5f97',10,3,1,'2013-09-09 13:19:39'),(437,'24fb5e7cd654c0406ab23e00da2f80d2265a5f97',127,3,3,'2013-09-09 13:19:41'),(438,'24fb5e7cd654c0406ab23e00da2f80d2265a5f97',187,4,2,'2013-09-09 13:19:43'),(439,'24fb5e7cd654c0406ab23e00da2f80d2265a5f97',23,1,1,'2013-09-09 13:19:46'),(440,'24fb5e7cd654c0406ab23e00da2f80d2265a5f97',231,2,4,'2013-09-09 13:19:47'),(441,'24fb5e7cd654c0406ab23e00da2f80d2265a5f97',238,3,4,'2013-09-09 13:19:47'),(442,'24fb5e7cd654c0406ab23e00da2f80d2265a5f97',42,3,1,'2013-09-09 13:19:49'),(443,'24fb5e7cd654c0406ab23e00da2f80d2265a5f97',217,1,2,'2013-09-09 13:19:50'),(444,'24fb5e7cd654c0406ab23e00da2f80d2265a5f97',209,1,2,'2013-09-09 13:19:51'),(445,'24fb5e7cd654c0406ab23e00da2f80d2265a5f97',200,3,2,'2013-09-09 13:19:52'),(446,'24fb5e7cd654c0406ab23e00da2f80d2265a5f97',31,3,1,'2013-09-09 13:19:53'),(447,'24fb5e7cd654c0406ab23e00da2f80d2265a5f97',198,1,2,'2013-09-09 13:19:54'),(448,'24fb5e7cd654c0406ab23e00da2f80d2265a5f97',3,1,1,'2013-09-09 13:19:55'),(449,'24fb5e7cd654c0406ab23e00da2f80d2265a5f97',2,2,1,'2013-09-09 13:19:57'),(450,'24fb5e7cd654c0406ab23e00da2f80d2265a5f97',229,3,4,'2013-09-09 13:20:00'),(451,'24fb5e7cd654c0406ab23e00da2f80d2265a5f97',15,4,1,'2013-09-09 13:20:02'),(452,'24fb5e7cd654c0406ab23e00da2f80d2265a5f97',96,3,3,'2013-09-09 13:20:03'),(453,'24fb5e7cd654c0406ab23e00da2f80d2265a5f97',208,2,2,'2013-09-09 13:20:04'),(454,'24fb5e7cd654c0406ab23e00da2f80d2265a5f97',77,1,1,'2013-09-09 13:20:10'),(455,'24fb5e7cd654c0406ab23e00da2f80d2265a5f97',25,1,1,'2013-09-09 13:20:12'),(456,'24fb5e7cd654c0406ab23e00da2f80d2265a5f97',78,3,1,'2013-09-09 13:20:14'),(457,'24fb5e7cd654c0406ab23e00da2f80d2265a5f97',230,2,4,'2013-09-09 13:20:16'),(458,'24fb5e7cd654c0406ab23e00da2f80d2265a5f97',157,4,3,'2013-09-09 13:20:20'),(459,'24fb5e7cd654c0406ab23e00da2f80d2265a5f97',197,3,2,'2013-09-09 13:20:22'),(460,'24fb5e7cd654c0406ab23e00da2f80d2265a5f97',165,3,3,'2013-09-09 13:20:24'),(461,'24fb5e7cd654c0406ab23e00da2f80d2265a5f97',119,2,3,'2013-09-09 13:20:27'),(462,'24fb5e7cd654c0406ab23e00da2f80d2265a5f97',83,3,1,'2013-09-09 13:20:28'),(463,'24fb5e7cd654c0406ab23e00da2f80d2265a5f97',179,3,3,'2013-09-09 13:20:32'),(464,'24fb5e7cd654c0406ab23e00da2f80d2265a5f97',35,2,1,'2013-09-09 13:20:35'),(465,'24fb5e7cd654c0406ab23e00da2f80d2265a5f97',155,2,3,'2013-09-09 13:20:37'),(466,'24fb5e7cd654c0406ab23e00da2f80d2265a5f97',129,3,3,'2013-09-09 13:20:39'),(467,'24fb5e7cd654c0406ab23e00da2f80d2265a5f97',233,3,4,'2013-09-09 13:20:41'),(468,'24fb5e7cd654c0406ab23e00da2f80d2265a5f97',135,3,3,'2013-09-09 13:20:43'),(469,'24fb5e7cd654c0406ab23e00da2f80d2265a5f97',178,3,3,'2013-09-09 13:20:44'),(470,'24fb5e7cd654c0406ab23e00da2f80d2265a5f97',181,1,3,'2013-09-09 13:20:47'),(471,'24fb5e7cd654c0406ab23e00da2f80d2265a5f97',210,3,2,'2013-09-09 13:20:53'),(472,'24fb5e7cd654c0406ab23e00da2f80d2265a5f97',146,1,3,'2013-09-09 13:20:55'),(473,'24fb5e7cd654c0406ab23e00da2f80d2265a5f97',191,2,2,'2013-09-09 13:21:00'),(474,'24fb5e7cd654c0406ab23e00da2f80d2265a5f97',117,1,3,'2013-09-09 13:21:06'),(475,'24fb5e7cd654c0406ab23e00da2f80d2265a5f97',161,3,3,'2013-09-09 13:21:08'),(476,'24fb5e7cd654c0406ab23e00da2f80d2265a5f97',183,2,2,'2013-09-09 13:21:11'),(477,'24fb5e7cd654c0406ab23e00da2f80d2265a5f97',36,3,1,'2013-09-09 13:21:13'),(478,'24fb5e7cd654c0406ab23e00da2f80d2265a5f97',235,4,4,'2013-09-09 13:21:15'),(479,'24fb5e7cd654c0406ab23e00da2f80d2265a5f97',162,1,3,'2013-09-09 13:21:20'),(480,'24fb5e7cd654c0406ab23e00da2f80d2265a5f97',65,2,1,'2013-09-09 13:21:23'),(481,'24fb5e7cd654c0406ab23e00da2f80d2265a5f97',11,3,1,'2013-09-09 13:21:25'),(482,'24fb5e7cd654c0406ab23e00da2f80d2265a5f97',106,4,3,'2013-09-09 13:21:28'),(483,'24fb5e7cd654c0406ab23e00da2f80d2265a5f97',87,3,3,'2013-09-09 13:21:30'),(484,'24fb5e7cd654c0406ab23e00da2f80d2265a5f97',145,2,3,'2013-09-09 13:21:31'),(485,'24fb5e7cd654c0406ab23e00da2f80d2265a5f97',74,3,1,'2013-09-09 13:21:32'),(486,'24fb5e7cd654c0406ab23e00da2f80d2265a5f97',54,1,1,'2013-09-09 13:21:34'),(487,'24fb5e7cd654c0406ab23e00da2f80d2265a5f97',46,2,1,'2013-09-09 13:21:34'),(488,'24fb5e7cd654c0406ab23e00da2f80d2265a5f97',47,3,1,'2013-09-09 13:21:35'),(489,'24fb5e7cd654c0406ab23e00da2f80d2265a5f97',22,2,1,'2013-09-09 13:21:36'),(490,'24fb5e7cd654c0406ab23e00da2f80d2265a5f97',139,3,3,'2013-09-09 13:21:37'),(491,'24fb5e7cd654c0406ab23e00da2f80d2265a5f97',218,4,4,'2013-09-09 13:21:39'),(492,'24fb5e7cd654c0406ab23e00da2f80d2265a5f97',102,3,3,'2013-09-09 13:21:40'),(493,'24fb5e7cd654c0406ab23e00da2f80d2265a5f97',108,3,3,'2013-09-09 13:21:43'),(494,'24fb5e7cd654c0406ab23e00da2f80d2265a5f97',239,1,4,'2013-09-09 13:21:45'),(495,'24fb5e7cd654c0406ab23e00da2f80d2265a5f97',60,2,1,'2013-09-09 13:21:48'),(496,'24fb5e7cd654c0406ab23e00da2f80d2265a5f97',27,3,1,'2013-09-09 13:21:50'),(497,'24fb5e7cd654c0406ab23e00da2f80d2265a5f97',142,3,3,'2013-09-09 13:21:54'),(498,'24fb5e7cd654c0406ab23e00da2f80d2265a5f97',8,2,1,'2013-09-09 13:21:56'),(499,'24fb5e7cd654c0406ab23e00da2f80d2265a5f97',114,3,3,'2013-09-09 13:21:57'),(500,'24fb5e7cd654c0406ab23e00da2f80d2265a5f97',41,3,1,'2013-09-09 13:21:59'),(501,'24fb5e7cd654c0406ab23e00da2f80d2265a5f97',177,1,3,'2013-09-09 13:22:01'),(502,'24fb5e7cd654c0406ab23e00da2f80d2265a5f97',215,3,2,'2013-09-09 13:22:04'),(503,'24fb5e7cd654c0406ab23e00da2f80d2265a5f97',185,1,2,'2013-09-09 13:22:12'),(504,'24fb5e7cd654c0406ab23e00da2f80d2265a5f97',133,3,3,'2013-09-09 13:22:14'),(505,'24fb5e7cd654c0406ab23e00da2f80d2265a5f97',97,2,3,'2013-09-09 13:22:16'),(506,'24fb5e7cd654c0406ab23e00da2f80d2265a5f97',240,3,4,'2013-09-09 13:22:18'),(507,'24fb5e7cd654c0406ab23e00da2f80d2265a5f97',81,4,1,'2013-09-09 13:22:21'),(508,'24fb5e7cd654c0406ab23e00da2f80d2265a5f97',173,3,3,'2013-09-09 13:22:24'),(509,'24fb5e7cd654c0406ab23e00da2f80d2265a5f97',227,1,4,'2013-09-09 13:22:28'),(510,'24fb5e7cd654c0406ab23e00da2f80d2265a5f97',68,3,1,'2013-09-09 13:22:32'),(511,'24fb5e7cd654c0406ab23e00da2f80d2265a5f97',237,2,4,'2013-09-09 13:22:34'),(512,'24fb5e7cd654c0406ab23e00da2f80d2265a5f97',55,3,1,'2013-09-09 13:22:39'),(513,'24fb5e7cd654c0406ab23e00da2f80d2265a5f97',211,1,2,'2013-09-09 13:22:41'),(514,'24fb5e7cd654c0406ab23e00da2f80d2265a5f97',40,2,1,'2013-09-09 13:22:44'),(515,'24fb5e7cd654c0406ab23e00da2f80d2265a5f97',116,1,3,'2013-09-09 13:22:45'),(516,'24fb5e7cd654c0406ab23e00da2f80d2265a5f97',236,2,4,'2013-09-09 13:22:47'),(517,'24fb5e7cd654c0406ab23e00da2f80d2265a5f97',39,3,1,'2013-09-09 13:22:49'),(518,'24fb5e7cd654c0406ab23e00da2f80d2265a5f97',110,3,3,'2013-09-09 13:22:51'),(519,'24fb5e7cd654c0406ab23e00da2f80d2265a5f97',12,4,1,'2013-09-09 13:22:55'),(520,'24fb5e7cd654c0406ab23e00da2f80d2265a5f97',126,4,3,'2013-09-09 13:22:57'),(521,'24fb5e7cd654c0406ab23e00da2f80d2265a5f97',38,3,1,'2013-09-09 13:22:58'),(522,'24fb5e7cd654c0406ab23e00da2f80d2265a5f97',73,2,1,'2013-09-09 13:23:00'),(523,'24fb5e7cd654c0406ab23e00da2f80d2265a5f97',50,3,1,'2013-09-09 13:23:01'),(524,'24fb5e7cd654c0406ab23e00da2f80d2265a5f97',95,2,3,'2013-09-09 13:23:03'),(525,'24fb5e7cd654c0406ab23e00da2f80d2265a5f97',32,1,1,'2013-09-09 13:23:04'),(526,'24fb5e7cd654c0406ab23e00da2f80d2265a5f97',232,3,4,'2013-09-09 13:23:06'),(527,'24fb5e7cd654c0406ab23e00da2f80d2265a5f97',125,2,3,'2013-09-09 13:23:08'),(528,'24fb5e7cd654c0406ab23e00da2f80d2265a5f97',118,1,3,'2013-09-09 13:23:11'),(529,'24fb5e7cd654c0406ab23e00da2f80d2265a5f97',33,2,1,'2013-09-09 13:23:12'),(530,'24fb5e7cd654c0406ab23e00da2f80d2265a5f97',7,3,1,'2013-09-09 13:23:13'),(531,'24fb5e7cd654c0406ab23e00da2f80d2265a5f97',64,2,1,'2013-09-09 13:23:14'),(532,'24fb5e7cd654c0406ab23e00da2f80d2265a5f97',53,1,1,'2013-09-09 13:23:15'),(533,'24fb5e7cd654c0406ab23e00da2f80d2265a5f97',17,4,1,'2013-09-09 13:23:18'),(534,'24fb5e7cd654c0406ab23e00da2f80d2265a5f97',19,3,1,'2013-09-09 13:23:20'),(535,'24fb5e7cd654c0406ab23e00da2f80d2265a5f97',62,1,1,'2013-09-09 13:23:22'),(536,'24fb5e7cd654c0406ab23e00da2f80d2265a5f97',149,3,3,'2013-09-09 13:23:24'),(537,'24fb5e7cd654c0406ab23e00da2f80d2265a5f97',190,2,2,'2013-09-09 13:23:26'),(538,'24fb5e7cd654c0406ab23e00da2f80d2265a5f97',16,4,1,'2013-09-09 13:23:29'),(539,'24fb5e7cd654c0406ab23e00da2f80d2265a5f97',226,4,4,'2013-09-09 13:23:31'),(540,'24fb5e7cd654c0406ab23e00da2f80d2265a5f97',184,2,2,'2013-09-09 13:23:33'),(541,'45c687afbc4311e9bf7b3512ded66831dc85dc21',99,2,3,'2013-09-09 13:23:34'),(542,'24fb5e7cd654c0406ab23e00da2f80d2265a5f97',34,3,1,'2013-09-09 13:23:35'),(543,'24fb5e7cd654c0406ab23e00da2f80d2265a5f97',166,3,3,'2013-09-09 13:23:37'),(544,'24fb5e7cd654c0406ab23e00da2f80d2265a5f97',172,1,3,'2013-09-09 13:23:39'),(545,'45c687afbc4311e9bf7b3512ded66831dc85dc21',129,3,3,'2013-09-09 13:23:42'),(546,'45c687afbc4311e9bf7b3512ded66831dc85dc21',204,4,2,'2013-09-09 13:23:57'),(547,'45c687afbc4311e9bf7b3512ded66831dc85dc21',17,3,1,'2013-09-09 13:24:07'),(548,'45c687afbc4311e9bf7b3512ded66831dc85dc21',174,1,3,'2013-09-09 13:24:40'),(549,'45c687afbc4311e9bf7b3512ded66831dc85dc21',163,3,3,'2013-09-09 13:24:46'),(550,'45c687afbc4311e9bf7b3512ded66831dc85dc21',216,3,2,'2013-09-09 13:24:51'),(551,'45c687afbc4311e9bf7b3512ded66831dc85dc21',88,3,3,'2013-09-09 13:24:55'),(552,'45c687afbc4311e9bf7b3512ded66831dc85dc21',228,4,4,'2013-09-09 13:24:57'),(553,'45c687afbc4311e9bf7b3512ded66831dc85dc21',203,1,2,'2013-09-09 13:25:05'),(554,'45c687afbc4311e9bf7b3512ded66831dc85dc21',208,3,2,'2013-09-09 13:25:10'),(555,'e2ab1f47a1184623cfb7a047bc7ff31412bc86bd',80,2,1,'2013-09-09 13:25:12'),(556,'e2ab1f47a1184623cfb7a047bc7ff31412bc86bd',236,2,4,'2013-09-09 13:25:13'),(557,'45c687afbc4311e9bf7b3512ded66831dc85dc21',217,1,2,'2013-09-09 13:25:15'),(558,'e2ab1f47a1184623cfb7a047bc7ff31412bc86bd',78,3,1,'2013-09-09 13:25:15'),(559,'e2ab1f47a1184623cfb7a047bc7ff31412bc86bd',174,2,3,'2013-09-09 13:25:16'),(560,'e2ab1f47a1184623cfb7a047bc7ff31412bc86bd',70,3,1,'2013-09-09 13:25:16'),(561,'e2ab1f47a1184623cfb7a047bc7ff31412bc86bd',119,4,3,'2013-09-09 13:25:17'),(562,'45c687afbc4311e9bf7b3512ded66831dc85dc21',82,1,1,'2013-09-09 13:25:19'),(563,'e2ab1f47a1184623cfb7a047bc7ff31412bc86bd',60,2,1,'2013-09-09 13:25:19'),(564,'e2ab1f47a1184623cfb7a047bc7ff31412bc86bd',183,1,2,'2013-09-09 13:25:20'),(565,'e2ab1f47a1184623cfb7a047bc7ff31412bc86bd',173,2,3,'2013-09-09 13:25:21'),(566,'e2ab1f47a1184623cfb7a047bc7ff31412bc86bd',113,3,3,'2013-09-09 13:25:22'),(567,'e2ab1f47a1184623cfb7a047bc7ff31412bc86bd',233,4,4,'2013-09-09 13:25:22'),(568,'e2ab1f47a1184623cfb7a047bc7ff31412bc86bd',52,2,1,'2013-09-09 13:25:23'),(569,'e2ab1f47a1184623cfb7a047bc7ff31412bc86bd',219,1,4,'2013-09-09 13:25:24'),(570,'e2ab1f47a1184623cfb7a047bc7ff31412bc86bd',218,3,4,'2013-09-09 13:25:24'),(571,'45c687afbc4311e9bf7b3512ded66831dc85dc21',51,1,1,'2013-09-09 13:25:25'),(572,'e2ab1f47a1184623cfb7a047bc7ff31412bc86bd',136,2,3,'2013-09-09 13:25:25'),(573,'e2ab1f47a1184623cfb7a047bc7ff31412bc86bd',41,1,1,'2013-09-09 13:25:26'),(574,'e2ab1f47a1184623cfb7a047bc7ff31412bc86bd',132,1,3,'2013-09-09 13:25:27'),(575,'e2ab1f47a1184623cfb7a047bc7ff31412bc86bd',1,1,1,'2013-09-09 13:25:27'),(576,'e2ab1f47a1184623cfb7a047bc7ff31412bc86bd',7,1,1,'2013-09-09 13:25:28'),(577,'e2ab1f47a1184623cfb7a047bc7ff31412bc86bd',104,1,3,'2013-09-09 13:25:30'),(578,'e2ab1f47a1184623cfb7a047bc7ff31412bc86bd',189,2,2,'2013-09-09 13:25:31'),(579,'e2ab1f47a1184623cfb7a047bc7ff31412bc86bd',130,1,3,'2013-09-09 13:25:32'),(580,'e2ab1f47a1184623cfb7a047bc7ff31412bc86bd',224,2,4,'2013-09-09 13:25:33'),(581,'e2ab1f47a1184623cfb7a047bc7ff31412bc86bd',4,4,1,'2013-09-09 13:25:33'),(582,'e2ab1f47a1184623cfb7a047bc7ff31412bc86bd',211,3,2,'2013-09-09 13:25:34'),(583,'e2ab1f47a1184623cfb7a047bc7ff31412bc86bd',157,2,3,'2013-09-09 13:25:35'),(584,'e2ab1f47a1184623cfb7a047bc7ff31412bc86bd',82,1,1,'2013-09-09 13:25:36'),(585,'e2ab1f47a1184623cfb7a047bc7ff31412bc86bd',45,2,1,'2013-09-09 13:25:36'),(586,'e2ab1f47a1184623cfb7a047bc7ff31412bc86bd',127,1,3,'2013-09-09 13:25:37'),(587,'e2ab1f47a1184623cfb7a047bc7ff31412bc86bd',64,2,1,'2013-09-09 13:25:37'),(588,'e2ab1f47a1184623cfb7a047bc7ff31412bc86bd',232,1,4,'2013-09-09 13:25:38'),(589,'e2ab1f47a1184623cfb7a047bc7ff31412bc86bd',156,1,3,'2013-09-09 13:25:39'),(590,'e2ab1f47a1184623cfb7a047bc7ff31412bc86bd',51,1,1,'2013-09-09 13:25:40'),(591,'e2ab1f47a1184623cfb7a047bc7ff31412bc86bd',164,1,3,'2013-09-09 13:25:40'),(592,'e2ab1f47a1184623cfb7a047bc7ff31412bc86bd',225,1,4,'2013-09-09 13:25:41'),(593,'e2ab1f47a1184623cfb7a047bc7ff31412bc86bd',190,1,2,'2013-09-09 13:25:42'),(594,'e2ab1f47a1184623cfb7a047bc7ff31412bc86bd',175,1,3,'2013-09-09 13:25:43'),(595,'e2ab1f47a1184623cfb7a047bc7ff31412bc86bd',79,2,1,'2013-09-09 13:25:43'),(596,'e2ab1f47a1184623cfb7a047bc7ff31412bc86bd',176,1,3,'2013-09-09 13:25:44'),(597,'e2ab1f47a1184623cfb7a047bc7ff31412bc86bd',133,1,3,'2013-09-09 13:25:44'),(598,'e2ab1f47a1184623cfb7a047bc7ff31412bc86bd',177,2,3,'2013-09-09 13:25:45'),(599,'e2ab1f47a1184623cfb7a047bc7ff31412bc86bd',234,3,4,'2013-09-09 13:25:46'),(600,'e2ab1f47a1184623cfb7a047bc7ff31412bc86bd',22,4,1,'2013-09-09 13:25:46'),(601,'e2ab1f47a1184623cfb7a047bc7ff31412bc86bd',128,2,3,'2013-09-09 13:25:47'),(602,'e2ab1f47a1184623cfb7a047bc7ff31412bc86bd',122,1,3,'2013-09-09 13:25:49'),(603,'e2ab1f47a1184623cfb7a047bc7ff31412bc86bd',131,1,3,'2013-09-09 13:25:50'),(604,'e2ab1f47a1184623cfb7a047bc7ff31412bc86bd',139,1,3,'2013-09-09 13:25:51'),(605,'e2ab1f47a1184623cfb7a047bc7ff31412bc86bd',3,2,1,'2013-09-09 13:25:52'),(606,'e2ab1f47a1184623cfb7a047bc7ff31412bc86bd',69,2,1,'2013-09-09 13:25:53'),(607,'e2ab1f47a1184623cfb7a047bc7ff31412bc86bd',27,3,1,'2013-09-09 13:25:53'),(608,'e2ab1f47a1184623cfb7a047bc7ff31412bc86bd',171,4,3,'2013-09-09 13:25:54'),(609,'e2ab1f47a1184623cfb7a047bc7ff31412bc86bd',207,2,2,'2013-09-09 13:25:55'),(610,'e2ab1f47a1184623cfb7a047bc7ff31412bc86bd',98,1,3,'2013-09-09 13:25:56'),(611,'e2ab1f47a1184623cfb7a047bc7ff31412bc86bd',180,1,3,'2013-09-09 13:25:56'),(612,'e2ab1f47a1184623cfb7a047bc7ff31412bc86bd',198,2,2,'2013-09-09 13:25:57'),(613,'e2ab1f47a1184623cfb7a047bc7ff31412bc86bd',118,3,3,'2013-09-09 13:25:58'),(614,'e2ab1f47a1184623cfb7a047bc7ff31412bc86bd',76,4,1,'2013-09-09 13:25:59'),(615,'e2ab1f47a1184623cfb7a047bc7ff31412bc86bd',68,3,1,'2013-09-09 13:25:59'),(616,'e2ab1f47a1184623cfb7a047bc7ff31412bc86bd',188,2,2,'2013-09-09 13:26:00'),(617,'e2ab1f47a1184623cfb7a047bc7ff31412bc86bd',58,1,1,'2013-09-09 13:26:00'),(618,'e2ab1f47a1184623cfb7a047bc7ff31412bc86bd',235,1,4,'2013-09-09 13:26:01'),(619,'e2ab1f47a1184623cfb7a047bc7ff31412bc86bd',16,2,1,'2013-09-09 13:26:01'),(620,'e2ab1f47a1184623cfb7a047bc7ff31412bc86bd',200,1,2,'2013-09-09 13:26:02'),(621,'e2ab1f47a1184623cfb7a047bc7ff31412bc86bd',75,2,1,'2013-09-09 13:26:03'),(622,'e2ab1f47a1184623cfb7a047bc7ff31412bc86bd',101,1,3,'2013-09-09 13:26:04'),(623,'e2ab1f47a1184623cfb7a047bc7ff31412bc86bd',37,4,1,'2013-09-09 13:26:05'),(624,'e2ab1f47a1184623cfb7a047bc7ff31412bc86bd',13,3,1,'2013-09-09 13:26:06'),(625,'e2ab1f47a1184623cfb7a047bc7ff31412bc86bd',39,2,1,'2013-09-09 13:26:06'),(626,'e2ab1f47a1184623cfb7a047bc7ff31412bc86bd',212,3,2,'2013-09-09 13:26:08'),(627,'e2ab1f47a1184623cfb7a047bc7ff31412bc86bd',55,3,1,'2013-09-09 13:26:08'),(628,'e2ab1f47a1184623cfb7a047bc7ff31412bc86bd',129,3,3,'2013-09-09 13:26:09'),(629,'e2ab1f47a1184623cfb7a047bc7ff31412bc86bd',74,3,1,'2013-09-09 13:26:10'),(630,'e2ab1f47a1184623cfb7a047bc7ff31412bc86bd',71,3,1,'2013-09-09 13:26:11'),(631,'e2ab1f47a1184623cfb7a047bc7ff31412bc86bd',185,3,2,'2013-09-09 13:26:11'),(632,'e2ab1f47a1184623cfb7a047bc7ff31412bc86bd',2,3,1,'2013-09-09 13:26:12'),(633,'e2ab1f47a1184623cfb7a047bc7ff31412bc86bd',239,3,4,'2013-09-09 13:26:12'),(634,'e2ab1f47a1184623cfb7a047bc7ff31412bc86bd',187,3,2,'2013-09-09 13:26:13'),(635,'e2ab1f47a1184623cfb7a047bc7ff31412bc86bd',19,3,1,'2013-09-09 13:26:14'),(636,'e2ab1f47a1184623cfb7a047bc7ff31412bc86bd',240,3,4,'2013-09-09 13:26:14'),(637,'e2ab1f47a1184623cfb7a047bc7ff31412bc86bd',121,2,3,'2013-09-09 13:26:17'),(638,'e2ab1f47a1184623cfb7a047bc7ff31412bc86bd',56,2,1,'2013-09-09 13:26:18'),(639,'e2ab1f47a1184623cfb7a047bc7ff31412bc86bd',10,1,1,'2013-09-09 13:26:19'),(640,'e2ab1f47a1184623cfb7a047bc7ff31412bc86bd',230,1,4,'2013-09-09 13:26:20'),(641,'e2ab1f47a1184623cfb7a047bc7ff31412bc86bd',205,1,2,'2013-09-09 13:26:21'),(642,'e2ab1f47a1184623cfb7a047bc7ff31412bc86bd',46,2,1,'2013-09-09 13:26:21'),(643,'e2ab1f47a1184623cfb7a047bc7ff31412bc86bd',66,1,1,'2013-09-09 13:26:22'),(644,'e2ab1f47a1184623cfb7a047bc7ff31412bc86bd',191,1,2,'2013-09-09 13:26:23'),(645,'e2ab1f47a1184623cfb7a047bc7ff31412bc86bd',17,1,1,'2013-09-09 13:26:23'),(646,'e2ab1f47a1184623cfb7a047bc7ff31412bc86bd',20,1,1,'2013-09-09 13:26:25'),(647,'e2ab1f47a1184623cfb7a047bc7ff31412bc86bd',111,2,3,'2013-09-09 13:26:26'),(648,'e2ab1f47a1184623cfb7a047bc7ff31412bc86bd',221,1,4,'2013-09-09 13:26:27'),(649,'e2ab1f47a1184623cfb7a047bc7ff31412bc86bd',217,1,2,'2013-09-09 13:26:28'),(650,'e2ab1f47a1184623cfb7a047bc7ff31412bc86bd',216,2,2,'2013-09-09 13:26:29'),(651,'e2ab1f47a1184623cfb7a047bc7ff31412bc86bd',92,3,3,'2013-09-09 13:26:30'),(652,'e2ab1f47a1184623cfb7a047bc7ff31412bc86bd',227,2,4,'2013-09-09 13:26:31'),(653,'e2ab1f47a1184623cfb7a047bc7ff31412bc86bd',215,1,2,'2013-09-09 13:26:32'),(654,'e2ab1f47a1184623cfb7a047bc7ff31412bc86bd',99,2,3,'2013-09-09 13:26:33'),(655,'e2ab1f47a1184623cfb7a047bc7ff31412bc86bd',162,3,3,'2013-09-09 13:26:33'),(656,'e2ab1f47a1184623cfb7a047bc7ff31412bc86bd',167,4,3,'2013-09-09 13:26:35'),(657,'e2ab1f47a1184623cfb7a047bc7ff31412bc86bd',192,1,2,'2013-09-09 13:26:36'),(658,'e2ab1f47a1184623cfb7a047bc7ff31412bc86bd',100,2,3,'2013-09-09 13:26:37'),(659,'e2ab1f47a1184623cfb7a047bc7ff31412bc86bd',153,1,3,'2013-09-09 13:26:39'),(660,'e2ab1f47a1184623cfb7a047bc7ff31412bc86bd',97,1,3,'2013-09-09 13:26:39'),(661,'e2ab1f47a1184623cfb7a047bc7ff31412bc86bd',34,2,1,'2013-09-09 13:26:40'),(662,'e2ab1f47a1184623cfb7a047bc7ff31412bc86bd',142,3,3,'2013-09-09 13:26:41'),(663,'e2ab1f47a1184623cfb7a047bc7ff31412bc86bd',102,4,3,'2013-09-09 13:26:42'),(664,'e2ab1f47a1184623cfb7a047bc7ff31412bc86bd',114,4,3,'2013-09-09 13:26:43'),(665,'e2ab1f47a1184623cfb7a047bc7ff31412bc86bd',44,3,1,'2013-09-09 13:26:43'),(666,'e2ab1f47a1184623cfb7a047bc7ff31412bc86bd',81,2,1,'2013-09-09 13:26:44'),(667,'e2ab1f47a1184623cfb7a047bc7ff31412bc86bd',65,2,1,'2013-09-09 13:26:45'),(668,'e2ab1f47a1184623cfb7a047bc7ff31412bc86bd',223,1,4,'2013-09-09 13:26:46'),(669,'e2ab1f47a1184623cfb7a047bc7ff31412bc86bd',202,1,2,'2013-09-09 13:26:48'),(670,'e2ab1f47a1184623cfb7a047bc7ff31412bc86bd',195,1,2,'2013-09-09 13:26:49'),(671,'e2ab1f47a1184623cfb7a047bc7ff31412bc86bd',43,2,1,'2013-09-09 13:26:50'),(672,'e2ab1f47a1184623cfb7a047bc7ff31412bc86bd',72,1,1,'2013-09-09 13:26:51'),(673,'e2ab1f47a1184623cfb7a047bc7ff31412bc86bd',38,2,1,'2013-09-09 13:26:51'),(674,'e2ab1f47a1184623cfb7a047bc7ff31412bc86bd',61,1,1,'2013-09-09 13:26:52'),(675,'e2ab1f47a1184623cfb7a047bc7ff31412bc86bd',110,2,3,'2013-09-09 13:26:52'),(676,'e2ab1f47a1184623cfb7a047bc7ff31412bc86bd',91,2,3,'2013-09-09 13:26:53'),(677,'e2ab1f47a1184623cfb7a047bc7ff31412bc86bd',199,1,2,'2013-09-09 13:26:54'),(678,'e2ab1f47a1184623cfb7a047bc7ff31412bc86bd',73,2,1,'2013-09-09 13:26:54'),(679,'e2ab1f47a1184623cfb7a047bc7ff31412bc86bd',95,1,3,'2013-09-09 13:26:55'),(680,'e2ab1f47a1184623cfb7a047bc7ff31412bc86bd',222,2,4,'2013-09-09 13:26:55'),(681,'e2ab1f47a1184623cfb7a047bc7ff31412bc86bd',155,1,3,'2013-09-09 13:26:56'),(682,'e2ab1f47a1184623cfb7a047bc7ff31412bc86bd',148,1,3,'2013-09-09 13:26:56'),(683,'e2ab1f47a1184623cfb7a047bc7ff31412bc86bd',33,1,1,'2013-09-09 13:26:57'),(684,'e2ab1f47a1184623cfb7a047bc7ff31412bc86bd',170,2,3,'2013-09-09 13:26:58'),(685,'e2ab1f47a1184623cfb7a047bc7ff31412bc86bd',15,1,1,'2013-09-09 13:26:58'),(686,'e2ab1f47a1184623cfb7a047bc7ff31412bc86bd',168,1,3,'2013-09-09 13:26:59'),(687,'45c687afbc4311e9bf7b3512ded66831dc85dc21',177,1,3,'2013-09-09 13:27:00'),(688,'e2ab1f47a1184623cfb7a047bc7ff31412bc86bd',154,1,3,'2013-09-09 13:27:00'),(689,'e2ab1f47a1184623cfb7a047bc7ff31412bc86bd',144,2,3,'2013-09-09 13:27:00'),(690,'e2ab1f47a1184623cfb7a047bc7ff31412bc86bd',85,3,3,'2013-09-09 13:27:01'),(691,'e2ab1f47a1184623cfb7a047bc7ff31412bc86bd',35,1,1,'2013-09-09 13:27:02'),(692,'e2ab1f47a1184623cfb7a047bc7ff31412bc86bd',149,1,3,'2013-09-09 13:27:03'),(693,'e2ab1f47a1184623cfb7a047bc7ff31412bc86bd',203,1,2,'2013-09-09 13:27:04'),(694,'e2ab1f47a1184623cfb7a047bc7ff31412bc86bd',138,1,3,'2013-09-09 13:27:04'),(695,'e2ab1f47a1184623cfb7a047bc7ff31412bc86bd',30,1,1,'2013-09-09 13:27:05'),(696,'e2ab1f47a1184623cfb7a047bc7ff31412bc86bd',63,1,1,'2013-09-09 13:27:06'),(697,'e2ab1f47a1184623cfb7a047bc7ff31412bc86bd',49,1,1,'2013-09-09 13:27:07'),(698,'e2ab1f47a1184623cfb7a047bc7ff31412bc86bd',163,1,3,'2013-09-09 13:27:07'),(699,'e2ab1f47a1184623cfb7a047bc7ff31412bc86bd',134,1,3,'2013-09-09 13:27:08'),(700,'e2ab1f47a1184623cfb7a047bc7ff31412bc86bd',115,1,3,'2013-09-09 13:27:08'),(701,'e2ab1f47a1184623cfb7a047bc7ff31412bc86bd',208,1,2,'2013-09-09 13:27:09'),(702,'e2ab1f47a1184623cfb7a047bc7ff31412bc86bd',182,1,2,'2013-09-09 13:27:10'),(703,'e2ab1f47a1184623cfb7a047bc7ff31412bc86bd',143,1,3,'2013-09-09 13:27:10'),(704,'e2ab1f47a1184623cfb7a047bc7ff31412bc86bd',120,1,3,'2013-09-09 13:27:11'),(705,'45c687afbc4311e9bf7b3512ded66831dc85dc21',58,1,1,'2013-09-09 13:27:11'),(706,'e2ab1f47a1184623cfb7a047bc7ff31412bc86bd',103,1,3,'2013-09-09 13:27:13'),(707,'e2ab1f47a1184623cfb7a047bc7ff31412bc86bd',11,2,1,'2013-09-09 13:27:15'),(708,'e2ab1f47a1184623cfb7a047bc7ff31412bc86bd',48,1,1,'2013-09-09 13:27:16'),(709,'45c687afbc4311e9bf7b3512ded66831dc85dc21',70,3,1,'2013-09-09 13:27:16'),(710,'e2ab1f47a1184623cfb7a047bc7ff31412bc86bd',165,2,3,'2013-09-09 13:27:17'),(711,'e2ab1f47a1184623cfb7a047bc7ff31412bc86bd',231,1,4,'2013-09-09 13:27:19'),(712,'e2ab1f47a1184623cfb7a047bc7ff31412bc86bd',186,3,2,'2013-09-09 13:27:19'),(713,'45c687afbc4311e9bf7b3512ded66831dc85dc21',62,1,1,'2013-09-09 13:27:21'),(714,'e2ab1f47a1184623cfb7a047bc7ff31412bc86bd',123,1,3,'2013-09-09 13:27:22'),(715,'e2ab1f47a1184623cfb7a047bc7ff31412bc86bd',140,2,3,'2013-09-09 13:27:23'),(716,'e2ab1f47a1184623cfb7a047bc7ff31412bc86bd',193,1,2,'2013-09-09 13:27:24'),(717,'e2ab1f47a1184623cfb7a047bc7ff31412bc86bd',151,1,3,'2013-09-09 13:27:26'),(718,'e2ab1f47a1184623cfb7a047bc7ff31412bc86bd',201,1,2,'2013-09-09 13:27:26'),(719,'e2ab1f47a1184623cfb7a047bc7ff31412bc86bd',210,1,2,'2013-09-09 13:27:27'),(720,'e2ab1f47a1184623cfb7a047bc7ff31412bc86bd',25,2,1,'2013-09-09 13:27:28'),(721,'45c687afbc4311e9bf7b3512ded66831dc85dc21',119,4,3,'2013-09-09 13:27:30'),(722,'e2ab1f47a1184623cfb7a047bc7ff31412bc86bd',24,1,1,'2013-09-09 13:27:30'),(723,'e2ab1f47a1184623cfb7a047bc7ff31412bc86bd',209,1,2,'2013-09-09 13:27:31'),(724,'e2ab1f47a1184623cfb7a047bc7ff31412bc86bd',184,3,2,'2013-09-09 13:27:32'),(725,'e2ab1f47a1184623cfb7a047bc7ff31412bc86bd',36,2,1,'2013-09-09 13:27:33'),(726,'e2ab1f47a1184623cfb7a047bc7ff31412bc86bd',62,1,1,'2013-09-09 13:27:35'),(727,'45c687afbc4311e9bf7b3512ded66831dc85dc21',144,3,3,'2013-09-09 13:27:35'),(728,'e2ab1f47a1184623cfb7a047bc7ff31412bc86bd',145,1,3,'2013-09-09 13:27:36'),(729,'e2ab1f47a1184623cfb7a047bc7ff31412bc86bd',178,1,3,'2013-09-09 13:27:37'),(730,'e2ab1f47a1184623cfb7a047bc7ff31412bc86bd',108,3,3,'2013-09-09 13:27:38'),(731,'e2ab1f47a1184623cfb7a047bc7ff31412bc86bd',53,3,1,'2013-09-09 13:27:39'),(732,'45c687afbc4311e9bf7b3512ded66831dc85dc21',124,3,3,'2013-09-09 13:27:39'),(733,'e2ab1f47a1184623cfb7a047bc7ff31412bc86bd',105,2,3,'2013-09-09 13:27:40'),(734,'e2ab1f47a1184623cfb7a047bc7ff31412bc86bd',237,2,4,'2013-09-09 13:27:40'),(735,'e2ab1f47a1184623cfb7a047bc7ff31412bc86bd',135,2,3,'2013-09-09 13:27:42'),(736,'e2ab1f47a1184623cfb7a047bc7ff31412bc86bd',89,2,3,'2013-09-09 13:27:43'),(737,'e2ab1f47a1184623cfb7a047bc7ff31412bc86bd',213,2,2,'2013-09-09 13:27:43'),(738,'e2ab1f47a1184623cfb7a047bc7ff31412bc86bd',90,2,3,'2013-09-09 13:27:44'),(739,'e2ab1f47a1184623cfb7a047bc7ff31412bc86bd',146,2,3,'2013-09-09 13:27:45'),(740,'e2ab1f47a1184623cfb7a047bc7ff31412bc86bd',159,1,3,'2013-09-09 13:27:46'),(741,'45c687afbc4311e9bf7b3512ded66831dc85dc21',28,1,1,'2013-09-09 13:27:46'),(742,'e2ab1f47a1184623cfb7a047bc7ff31412bc86bd',87,1,3,'2013-09-09 13:27:47'),(743,'e2ab1f47a1184623cfb7a047bc7ff31412bc86bd',126,1,3,'2013-09-09 13:27:48'),(744,'e2ab1f47a1184623cfb7a047bc7ff31412bc86bd',141,1,3,'2013-09-09 13:27:49'),(745,'e2ab1f47a1184623cfb7a047bc7ff31412bc86bd',194,1,2,'2013-09-09 13:27:50'),(746,'e2ab1f47a1184623cfb7a047bc7ff31412bc86bd',220,1,4,'2013-09-09 13:27:50'),(747,'e2ab1f47a1184623cfb7a047bc7ff31412bc86bd',107,1,3,'2013-09-09 13:27:51'),(748,'e2ab1f47a1184623cfb7a047bc7ff31412bc86bd',94,1,3,'2013-09-09 13:27:52'),(749,'e2ab1f47a1184623cfb7a047bc7ff31412bc86bd',172,1,3,'2013-09-09 13:27:53'),(750,'e2ab1f47a1184623cfb7a047bc7ff31412bc86bd',57,1,1,'2013-09-09 13:27:53'),(751,'e2ab1f47a1184623cfb7a047bc7ff31412bc86bd',84,1,1,'2013-09-09 13:27:55'),(752,'45c687afbc4311e9bf7b3512ded66831dc85dc21',115,3,3,'2013-09-09 13:27:57'),(753,'e2ab1f47a1184623cfb7a047bc7ff31412bc86bd',150,1,3,'2013-09-09 13:27:57'),(754,'e2ab1f47a1184623cfb7a047bc7ff31412bc86bd',83,1,1,'2013-09-09 13:27:58'),(755,'e2ab1f47a1184623cfb7a047bc7ff31412bc86bd',152,1,3,'2013-09-09 13:27:59'),(756,'e2ab1f47a1184623cfb7a047bc7ff31412bc86bd',32,1,1,'2013-09-09 13:27:59'),(757,'e2ab1f47a1184623cfb7a047bc7ff31412bc86bd',196,1,2,'2013-09-09 13:28:00'),(758,'e2ab1f47a1184623cfb7a047bc7ff31412bc86bd',77,1,1,'2013-09-09 13:28:01'),(759,'e2ab1f47a1184623cfb7a047bc7ff31412bc86bd',228,1,4,'2013-09-09 13:28:01'),(760,'e2ab1f47a1184623cfb7a047bc7ff31412bc86bd',50,1,1,'2013-09-09 13:28:03'),(761,'45c687afbc4311e9bf7b3512ded66831dc85dc21',145,3,3,'2013-09-09 13:28:04'),(762,'e2ab1f47a1184623cfb7a047bc7ff31412bc86bd',161,1,3,'2013-09-09 13:28:06'),(763,'e2ab1f47a1184623cfb7a047bc7ff31412bc86bd',109,1,3,'2013-09-09 13:28:06'),(764,'e2ab1f47a1184623cfb7a047bc7ff31412bc86bd',238,1,4,'2013-09-09 13:28:07'),(765,'45c687afbc4311e9bf7b3512ded66831dc85dc21',26,1,1,'2013-09-09 13:28:08'),(766,'e2ab1f47a1184623cfb7a047bc7ff31412bc86bd',214,1,2,'2013-09-09 13:28:08'),(767,'e2ab1f47a1184623cfb7a047bc7ff31412bc86bd',125,1,3,'2013-09-09 13:28:08'),(768,'e2ab1f47a1184623cfb7a047bc7ff31412bc86bd',21,1,1,'2013-09-09 13:28:09'),(769,'e2ab1f47a1184623cfb7a047bc7ff31412bc86bd',166,1,3,'2013-09-09 13:28:10'),(770,'e2ab1f47a1184623cfb7a047bc7ff31412bc86bd',54,1,1,'2013-09-09 13:28:11'),(771,'e2ab1f47a1184623cfb7a047bc7ff31412bc86bd',158,1,3,'2013-09-09 13:28:11'),(772,'e2ab1f47a1184623cfb7a047bc7ff31412bc86bd',6,1,1,'2013-09-09 13:28:14'),(773,'45c687afbc4311e9bf7b3512ded66831dc85dc21',149,3,3,'2013-09-09 13:28:15'),(774,'e2ab1f47a1184623cfb7a047bc7ff31412bc86bd',5,1,1,'2013-09-09 13:28:15'),(775,'e2ab1f47a1184623cfb7a047bc7ff31412bc86bd',26,1,1,'2013-09-09 13:28:16'),(776,'e2ab1f47a1184623cfb7a047bc7ff31412bc86bd',23,1,1,'2013-09-09 13:28:17'),(777,'e2ab1f47a1184623cfb7a047bc7ff31412bc86bd',106,1,3,'2013-09-09 13:28:18'),(778,'45c687afbc4311e9bf7b3512ded66831dc85dc21',230,4,4,'2013-09-09 13:28:19'),(779,'e2ab1f47a1184623cfb7a047bc7ff31412bc86bd',86,1,3,'2013-09-09 13:28:20'),(780,'e2ab1f47a1184623cfb7a047bc7ff31412bc86bd',42,1,1,'2013-09-09 13:28:21'),(781,'e2ab1f47a1184623cfb7a047bc7ff31412bc86bd',117,1,3,'2013-09-09 13:28:22'),(782,'e2ab1f47a1184623cfb7a047bc7ff31412bc86bd',96,1,3,'2013-09-09 13:28:22'),(783,'e2ab1f47a1184623cfb7a047bc7ff31412bc86bd',59,1,1,'2013-09-09 13:28:23'),(784,'45c687afbc4311e9bf7b3512ded66831dc85dc21',235,3,4,'2013-09-09 13:28:23'),(785,'e2ab1f47a1184623cfb7a047bc7ff31412bc86bd',14,1,1,'2013-09-09 13:28:24'),(786,'e2ab1f47a1184623cfb7a047bc7ff31412bc86bd',28,1,1,'2013-09-09 13:28:24'),(787,'e2ab1f47a1184623cfb7a047bc7ff31412bc86bd',206,1,2,'2013-09-09 13:28:25'),(788,'e2ab1f47a1184623cfb7a047bc7ff31412bc86bd',160,1,3,'2013-09-09 13:28:25'),(789,'e2ab1f47a1184623cfb7a047bc7ff31412bc86bd',137,1,3,'2013-09-09 13:28:26'),(790,'e2ab1f47a1184623cfb7a047bc7ff31412bc86bd',112,1,3,'2013-09-09 13:28:26'),(791,'e2ab1f47a1184623cfb7a047bc7ff31412bc86bd',88,1,3,'2013-09-09 13:28:27'),(792,'e2ab1f47a1184623cfb7a047bc7ff31412bc86bd',229,1,4,'2013-09-09 13:28:29'),(793,'e2ab1f47a1184623cfb7a047bc7ff31412bc86bd',169,1,3,'2013-09-09 13:28:32'),(794,'45c687afbc4311e9bf7b3512ded66831dc85dc21',214,2,2,'2013-09-09 13:28:32'),(795,'45c687afbc4311e9bf7b3512ded66831dc85dc21',47,3,1,'2013-09-09 13:28:36'),(796,'45c687afbc4311e9bf7b3512ded66831dc85dc21',25,1,1,'2013-09-09 13:28:41'),(797,'45c687afbc4311e9bf7b3512ded66831dc85dc21',168,3,3,'2013-09-09 13:28:44'),(798,'45c687afbc4311e9bf7b3512ded66831dc85dc21',153,2,3,'2013-09-09 13:28:48'),(799,'45c687afbc4311e9bf7b3512ded66831dc85dc21',44,4,1,'2013-09-09 13:28:59'),(800,'45c687afbc4311e9bf7b3512ded66831dc85dc21',161,2,3,'2013-09-09 13:29:06'),(801,'45c687afbc4311e9bf7b3512ded66831dc85dc21',6,3,1,'2013-09-09 13:29:12'),(802,'45c687afbc4311e9bf7b3512ded66831dc85dc21',226,4,4,'2013-09-09 13:29:22'),(803,'45c687afbc4311e9bf7b3512ded66831dc85dc21',167,2,3,'2013-09-09 13:29:27'),(804,'45c687afbc4311e9bf7b3512ded66831dc85dc21',223,4,4,'2013-09-09 13:29:35'),(805,'45c687afbc4311e9bf7b3512ded66831dc85dc21',78,1,1,'2013-09-09 13:29:40'),(806,'45c687afbc4311e9bf7b3512ded66831dc85dc21',164,1,3,'2013-09-09 13:29:47'),(807,'45c687afbc4311e9bf7b3512ded66831dc85dc21',14,3,1,'2013-09-09 13:29:51'),(808,'45c687afbc4311e9bf7b3512ded66831dc85dc21',229,3,4,'2013-09-09 13:29:55'),(809,'45c687afbc4311e9bf7b3512ded66831dc85dc21',121,1,3,'2013-09-09 13:30:01'),(810,'45c687afbc4311e9bf7b3512ded66831dc85dc21',102,4,3,'2013-09-09 13:30:11'),(811,'45c687afbc4311e9bf7b3512ded66831dc85dc21',37,3,1,'2013-09-09 13:30:14'),(812,'45c687afbc4311e9bf7b3512ded66831dc85dc21',192,2,2,'2013-09-09 13:30:18'),(813,'45c687afbc4311e9bf7b3512ded66831dc85dc21',157,1,3,'2013-09-09 13:30:23'),(814,'45c687afbc4311e9bf7b3512ded66831dc85dc21',64,1,1,'2013-09-09 13:30:27'),(815,'15939b7f4c70a6b5a9c9206f474c3a362dd27b43',217,1,2,'2013-09-09 13:33:35'),(816,'15939b7f4c70a6b5a9c9206f474c3a362dd27b43',44,1,1,'2013-09-09 13:33:51'),(817,'15939b7f4c70a6b5a9c9206f474c3a362dd27b43',11,2,1,'2013-09-09 13:33:55'),(818,'15939b7f4c70a6b5a9c9206f474c3a362dd27b43',31,1,1,'2013-09-09 13:33:58'),(819,'15939b7f4c70a6b5a9c9206f474c3a362dd27b43',101,1,3,'2013-09-09 13:34:02'),(820,'15939b7f4c70a6b5a9c9206f474c3a362dd27b43',64,1,1,'2013-09-09 13:34:06'),(821,'15939b7f4c70a6b5a9c9206f474c3a362dd27b43',91,2,3,'2013-09-09 13:34:08'),(822,'15939b7f4c70a6b5a9c9206f474c3a362dd27b43',34,4,1,'2013-09-09 13:34:11'),(823,'15939b7f4c70a6b5a9c9206f474c3a362dd27b43',41,1,1,'2013-09-09 13:34:14'),(824,'15939b7f4c70a6b5a9c9206f474c3a362dd27b43',104,1,3,'2013-09-09 13:37:13'),(825,'15939b7f4c70a6b5a9c9206f474c3a362dd27b43',240,3,4,'2013-09-09 13:37:17'),(826,'15939b7f4c70a6b5a9c9206f474c3a362dd27b43',153,1,3,'2013-09-09 13:37:22'),(827,'15939b7f4c70a6b5a9c9206f474c3a362dd27b43',146,1,3,'2013-09-09 13:37:27'),(828,'15939b7f4c70a6b5a9c9206f474c3a362dd27b43',54,1,1,'2013-09-09 13:37:29'),(829,'15939b7f4c70a6b5a9c9206f474c3a362dd27b43',124,1,3,'2013-09-09 13:37:32'),(830,'15939b7f4c70a6b5a9c9206f474c3a362dd27b43',90,3,3,'2013-09-09 13:37:34'),(831,'e4670ca6ddf759dfe64acb39c9cb7d716526bc0e',28,1,1,'2013-09-09 13:40:08'),(832,'e4670ca6ddf759dfe64acb39c9cb7d716526bc0e',64,1,1,'2013-09-09 13:40:14'),(833,'e4670ca6ddf759dfe64acb39c9cb7d716526bc0e',135,3,3,'2013-09-09 13:40:18'),(834,'e4670ca6ddf759dfe64acb39c9cb7d716526bc0e',233,3,4,'2013-09-09 13:40:21'),(835,'e4670ca6ddf759dfe64acb39c9cb7d716526bc0e',73,1,1,'2013-09-09 13:40:23'),(836,'e4670ca6ddf759dfe64acb39c9cb7d716526bc0e',29,1,1,'2013-09-09 13:40:33'),(837,'9c2d4d0ea7636dd0b6359f1a96771089d7516d55',104,1,3,'2013-09-09 13:40:41'),(838,'e4670ca6ddf759dfe64acb39c9cb7d716526bc0e',94,2,3,'2013-09-09 13:40:41'),(839,'e4670ca6ddf759dfe64acb39c9cb7d716526bc0e',174,3,3,'2013-09-09 13:40:49'),(840,'e4670ca6ddf759dfe64acb39c9cb7d716526bc0e',103,2,3,'2013-09-09 13:40:52'),(841,'9c2d4d0ea7636dd0b6359f1a96771089d7516d55',215,3,2,'2013-09-09 13:41:20'),(842,'e4670ca6ddf759dfe64acb39c9cb7d716526bc0e',20,1,1,'2013-09-09 13:41:26'),(843,'15939b7f4c70a6b5a9c9206f474c3a362dd27b43',20,3,1,'2013-09-09 13:43:59'),(844,'15939b7f4c70a6b5a9c9206f474c3a362dd27b43',68,1,1,'2013-09-09 13:44:03'),(845,'15939b7f4c70a6b5a9c9206f474c3a362dd27b43',66,1,1,'2013-09-09 13:44:05'),(846,'15939b7f4c70a6b5a9c9206f474c3a362dd27b43',221,2,4,'2013-09-09 13:44:08'),(847,'15939b7f4c70a6b5a9c9206f474c3a362dd27b43',18,1,1,'2013-09-09 13:44:14'),(848,'15939b7f4c70a6b5a9c9206f474c3a362dd27b43',168,3,3,'2013-09-09 13:44:17'),(849,'15939b7f4c70a6b5a9c9206f474c3a362dd27b43',216,2,2,'2013-09-09 13:44:21'),(850,'15939b7f4c70a6b5a9c9206f474c3a362dd27b43',206,2,2,'2013-09-09 13:44:23'),(851,'15939b7f4c70a6b5a9c9206f474c3a362dd27b43',176,3,3,'2013-09-09 13:44:25'),(852,'15939b7f4c70a6b5a9c9206f474c3a362dd27b43',111,3,3,'2013-09-09 13:44:27'),(853,'15939b7f4c70a6b5a9c9206f474c3a362dd27b43',169,3,3,'2013-09-09 13:45:20'),(854,'15939b7f4c70a6b5a9c9206f474c3a362dd27b43',224,4,4,'2013-09-09 13:45:23'),(855,'15939b7f4c70a6b5a9c9206f474c3a362dd27b43',29,3,1,'2013-09-09 13:45:46'),(856,'15939b7f4c70a6b5a9c9206f474c3a362dd27b43',188,1,2,'2013-09-09 13:45:49'),(857,'15939b7f4c70a6b5a9c9206f474c3a362dd27b43',36,1,1,'2013-09-09 13:45:55'),(858,'15939b7f4c70a6b5a9c9206f474c3a362dd27b43',162,3,3,'2013-09-09 13:45:59'),(859,'15939b7f4c70a6b5a9c9206f474c3a362dd27b43',13,3,1,'2013-09-09 13:46:03'),(860,'15939b7f4c70a6b5a9c9206f474c3a362dd27b43',147,1,3,'2013-09-09 13:46:05'),(861,'15939b7f4c70a6b5a9c9206f474c3a362dd27b43',166,3,3,'2013-09-09 13:46:18'),(862,'15939b7f4c70a6b5a9c9206f474c3a362dd27b43',192,2,2,'2013-09-09 13:46:20'),(863,'15939b7f4c70a6b5a9c9206f474c3a362dd27b43',24,1,1,'2013-09-09 13:46:22'),(864,'15939b7f4c70a6b5a9c9206f474c3a362dd27b43',182,2,2,'2013-09-09 13:46:24'),(865,'15939b7f4c70a6b5a9c9206f474c3a362dd27b43',108,3,3,'2013-09-09 13:46:29'),(866,'15939b7f4c70a6b5a9c9206f474c3a362dd27b43',45,1,1,'2013-09-09 13:46:36'),(867,'15939b7f4c70a6b5a9c9206f474c3a362dd27b43',209,3,2,'2013-09-09 13:46:39'),(868,'15939b7f4c70a6b5a9c9206f474c3a362dd27b43',227,1,4,'2013-09-09 13:46:45'),(869,'15939b7f4c70a6b5a9c9206f474c3a362dd27b43',23,1,1,'2013-09-09 13:46:51'),(870,'15939b7f4c70a6b5a9c9206f474c3a362dd27b43',200,2,2,'2013-09-09 13:46:54'),(871,'15939b7f4c70a6b5a9c9206f474c3a362dd27b43',177,3,3,'2013-09-09 13:47:10'),(872,'15939b7f4c70a6b5a9c9206f474c3a362dd27b43',53,1,1,'2013-09-09 13:47:12'),(873,'15939b7f4c70a6b5a9c9206f474c3a362dd27b43',99,1,3,'2013-09-09 13:47:15'),(874,'15939b7f4c70a6b5a9c9206f474c3a362dd27b43',112,3,3,'2013-09-09 13:47:18'),(875,'15939b7f4c70a6b5a9c9206f474c3a362dd27b43',7,2,1,'2013-09-09 13:47:22'),(876,'15939b7f4c70a6b5a9c9206f474c3a362dd27b43',85,1,3,'2013-09-09 13:47:25'),(877,'15939b7f4c70a6b5a9c9206f474c3a362dd27b43',43,3,1,'2013-09-09 13:47:28'),(878,'15939b7f4c70a6b5a9c9206f474c3a362dd27b43',127,1,3,'2013-09-09 13:47:31'),(879,'15939b7f4c70a6b5a9c9206f474c3a362dd27b43',191,2,2,'2013-09-09 13:47:34'),(880,'15939b7f4c70a6b5a9c9206f474c3a362dd27b43',229,2,4,'2013-09-09 13:47:36'),(881,'15939b7f4c70a6b5a9c9206f474c3a362dd27b43',110,3,3,'2013-09-09 13:47:39'),(882,'15939b7f4c70a6b5a9c9206f474c3a362dd27b43',212,1,2,'2013-09-09 13:47:42'),(883,'15939b7f4c70a6b5a9c9206f474c3a362dd27b43',126,2,3,'2013-09-09 13:56:01'),(884,'15939b7f4c70a6b5a9c9206f474c3a362dd27b43',225,4,4,'2013-09-09 13:56:11'),(885,'15939b7f4c70a6b5a9c9206f474c3a362dd27b43',84,1,1,'2013-09-09 13:56:14'),(886,'15939b7f4c70a6b5a9c9206f474c3a362dd27b43',208,3,2,'2013-09-09 13:56:21'),(887,'15939b7f4c70a6b5a9c9206f474c3a362dd27b43',8,1,1,'2013-09-09 13:56:24'),(888,'15939b7f4c70a6b5a9c9206f474c3a362dd27b43',189,1,2,'2013-09-09 13:56:35'),(889,'15939b7f4c70a6b5a9c9206f474c3a362dd27b43',93,3,3,'2013-09-09 13:56:41'),(890,'15939b7f4c70a6b5a9c9206f474c3a362dd27b43',2,1,1,'2013-09-09 13:56:43'),(891,'15939b7f4c70a6b5a9c9206f474c3a362dd27b43',164,1,3,'2013-09-09 13:56:46'),(892,'15939b7f4c70a6b5a9c9206f474c3a362dd27b43',40,1,1,'2013-09-09 13:56:49'),(893,'15939b7f4c70a6b5a9c9206f474c3a362dd27b43',115,3,3,'2013-09-09 13:56:51'),(894,'15939b7f4c70a6b5a9c9206f474c3a362dd27b43',148,3,3,'2013-09-09 13:56:54'),(895,'15939b7f4c70a6b5a9c9206f474c3a362dd27b43',128,3,3,'2013-09-09 13:57:22'),(896,'15939b7f4c70a6b5a9c9206f474c3a362dd27b43',213,2,2,'2013-09-09 13:57:24'),(897,'15939b7f4c70a6b5a9c9206f474c3a362dd27b43',233,4,4,'2013-09-09 13:57:28'),(898,'15939b7f4c70a6b5a9c9206f474c3a362dd27b43',5,1,1,'2013-09-09 13:57:31'),(899,'15939b7f4c70a6b5a9c9206f474c3a362dd27b43',214,1,2,'2013-09-09 14:00:08'),(900,'15939b7f4c70a6b5a9c9206f474c3a362dd27b43',38,3,1,'2013-09-09 14:00:12'),(901,'15939b7f4c70a6b5a9c9206f474c3a362dd27b43',228,4,4,'2013-09-09 14:00:15'),(902,'15939b7f4c70a6b5a9c9206f474c3a362dd27b43',74,1,1,'2013-09-09 14:00:20'),(903,'15939b7f4c70a6b5a9c9206f474c3a362dd27b43',179,3,3,'2013-09-09 14:00:22'),(904,'15939b7f4c70a6b5a9c9206f474c3a362dd27b43',155,2,3,'2013-09-09 14:00:26'),(905,'15939b7f4c70a6b5a9c9206f474c3a362dd27b43',87,2,3,'2013-09-09 14:00:30'),(906,'15939b7f4c70a6b5a9c9206f474c3a362dd27b43',103,3,3,'2013-09-09 14:00:33'),(907,'15939b7f4c70a6b5a9c9206f474c3a362dd27b43',79,1,1,'2013-09-09 14:00:35'),(908,'15939b7f4c70a6b5a9c9206f474c3a362dd27b43',98,3,3,'2013-09-09 14:00:36'),(909,'c961632a94733a34d51139c7c3d2218a346ed5df',82,1,1,'2013-09-09 14:30:56'),(910,'c961632a94733a34d51139c7c3d2218a346ed5df',142,3,3,'2013-09-09 14:30:59'),(911,'c961632a94733a34d51139c7c3d2218a346ed5df',222,4,4,'2013-09-09 14:31:03'),(912,'c961632a94733a34d51139c7c3d2218a346ed5df',90,3,3,'2013-09-09 14:31:06'),(913,'c961632a94733a34d51139c7c3d2218a346ed5df',8,1,1,'2013-09-09 14:31:09'),(914,'c961632a94733a34d51139c7c3d2218a346ed5df',15,1,1,'2013-09-09 14:31:19'),(915,'c961632a94733a34d51139c7c3d2218a346ed5df',19,3,1,'2013-09-09 14:31:44'),(916,'4a0ddac47176e27e932cc0fee769c07da6987427',115,4,3,'2013-09-09 14:32:00'),(917,'4a0ddac47176e27e932cc0fee769c07da6987427',18,2,1,'2013-09-09 14:32:03'),(918,'4a0ddac47176e27e932cc0fee769c07da6987427',120,3,3,'2013-09-09 14:32:05'),(919,'4a0ddac47176e27e932cc0fee769c07da6987427',173,3,3,'2013-09-09 14:32:07'),(920,'4a0ddac47176e27e932cc0fee769c07da6987427',19,3,1,'2013-09-09 14:32:10'),(921,'c961632a94733a34d51139c7c3d2218a346ed5df',216,2,2,'2013-09-09 14:32:16'),(922,'4a0ddac47176e27e932cc0fee769c07da6987427',89,3,3,'2013-09-09 14:32:18'),(923,'c961632a94733a34d51139c7c3d2218a346ed5df',152,1,3,'2013-09-09 14:33:00'),(924,'0b05417a20f73c3d7894912300ac22ee628c5508',93,3,3,'2013-09-09 14:41:50'),(925,'0b05417a20f73c3d7894912300ac22ee628c5508',170,2,3,'2013-09-09 14:42:32'),(926,'0b05417a20f73c3d7894912300ac22ee628c5508',132,1,3,'2013-09-09 14:42:40'),(927,'0b05417a20f73c3d7894912300ac22ee628c5508',184,1,2,'2013-09-09 14:42:48'),(928,'0b05417a20f73c3d7894912300ac22ee628c5508',120,1,3,'2013-09-09 14:42:55'),(929,'0b05417a20f73c3d7894912300ac22ee628c5508',192,3,2,'2013-09-09 14:43:07'),(930,'0b05417a20f73c3d7894912300ac22ee628c5508',31,3,1,'2013-09-09 14:43:11'),(931,'0b05417a20f73c3d7894912300ac22ee628c5508',159,3,3,'2013-09-09 14:43:36'),(932,'0b05417a20f73c3d7894912300ac22ee628c5508',3,3,1,'2013-09-09 14:43:42'),(933,'0b05417a20f73c3d7894912300ac22ee628c5508',43,3,1,'2013-09-09 14:43:48'),(934,'0b05417a20f73c3d7894912300ac22ee628c5508',103,3,3,'2013-09-09 14:44:26'),(935,'0b05417a20f73c3d7894912300ac22ee628c5508',199,3,2,'2013-09-09 14:44:40'),(936,'0b05417a20f73c3d7894912300ac22ee628c5508',68,3,1,'2013-09-09 14:44:42'),(937,'0b05417a20f73c3d7894912300ac22ee628c5508',229,4,4,'2013-09-09 14:44:47'),(938,'0b05417a20f73c3d7894912300ac22ee628c5508',1,1,1,'2013-09-09 14:44:53'),(939,'0b05417a20f73c3d7894912300ac22ee628c5508',78,2,1,'2013-09-09 14:45:05'),(940,'0b05417a20f73c3d7894912300ac22ee628c5508',114,3,3,'2013-09-09 14:45:13'),(941,'0b05417a20f73c3d7894912300ac22ee628c5508',127,3,3,'2013-09-09 14:45:19'),(942,'0b05417a20f73c3d7894912300ac22ee628c5508',61,1,1,'2013-09-09 14:45:24'),(943,'0b05417a20f73c3d7894912300ac22ee628c5508',49,3,1,'2013-09-09 14:45:28'),(944,'0b05417a20f73c3d7894912300ac22ee628c5508',80,3,1,'2013-09-09 14:45:32'),(945,'0b05417a20f73c3d7894912300ac22ee628c5508',37,3,1,'2013-09-09 14:45:35'),(946,'0b05417a20f73c3d7894912300ac22ee628c5508',20,3,1,'2013-09-09 14:45:37'),(947,'0b05417a20f73c3d7894912300ac22ee628c5508',54,3,1,'2013-09-09 14:45:39'),(948,'0b05417a20f73c3d7894912300ac22ee628c5508',221,4,4,'2013-09-09 14:45:41'),(949,'0b05417a20f73c3d7894912300ac22ee628c5508',176,1,3,'2013-09-09 14:47:21'),(950,'0b05417a20f73c3d7894912300ac22ee628c5508',48,1,1,'2013-09-09 14:47:25'),(951,'0b05417a20f73c3d7894912300ac22ee628c5508',165,3,3,'2013-09-09 14:47:37'),(952,'0b05417a20f73c3d7894912300ac22ee628c5508',214,3,2,'2013-09-09 14:48:06'),(953,'0b05417a20f73c3d7894912300ac22ee628c5508',110,2,3,'2013-09-09 14:48:09'),(954,'0b05417a20f73c3d7894912300ac22ee628c5508',206,1,2,'2013-09-09 14:48:15'),(955,'0b05417a20f73c3d7894912300ac22ee628c5508',134,1,3,'2013-09-09 14:48:19'),(956,'0b05417a20f73c3d7894912300ac22ee628c5508',163,1,3,'2013-09-09 14:48:23'),(957,'0b05417a20f73c3d7894912300ac22ee628c5508',124,1,3,'2013-09-09 14:48:36'),(958,'0b05417a20f73c3d7894912300ac22ee628c5508',53,3,1,'2013-09-09 14:48:38'),(959,'0b05417a20f73c3d7894912300ac22ee628c5508',232,3,4,'2013-09-09 14:48:40'),(960,'0b05417a20f73c3d7894912300ac22ee628c5508',156,4,3,'2013-09-09 14:48:47'),(961,'0b05417a20f73c3d7894912300ac22ee628c5508',83,1,1,'2013-09-09 14:48:51'),(962,'0b05417a20f73c3d7894912300ac22ee628c5508',142,3,3,'2013-09-09 14:48:53'),(963,'0b05417a20f73c3d7894912300ac22ee628c5508',155,3,3,'2013-09-09 14:48:59'),(964,'0b05417a20f73c3d7894912300ac22ee628c5508',23,1,1,'2013-09-09 14:49:03'),(965,'0b05417a20f73c3d7894912300ac22ee628c5508',122,1,3,'2013-09-09 14:49:10'),(966,'0b05417a20f73c3d7894912300ac22ee628c5508',58,4,1,'2013-09-09 14:49:14'),(967,'0b05417a20f73c3d7894912300ac22ee628c5508',59,2,1,'2013-09-09 14:49:22'),(968,'0b05417a20f73c3d7894912300ac22ee628c5508',204,2,2,'2013-09-09 14:49:27'),(969,'0b05417a20f73c3d7894912300ac22ee628c5508',150,2,3,'2013-09-09 14:49:32'),(970,'0b05417a20f73c3d7894912300ac22ee628c5508',181,3,3,'2013-09-09 14:49:38'),(971,'0b05417a20f73c3d7894912300ac22ee628c5508',70,3,1,'2013-09-09 14:49:47'),(972,'0b05417a20f73c3d7894912300ac22ee628c5508',149,1,3,'2013-09-09 14:49:51'),(973,'0b05417a20f73c3d7894912300ac22ee628c5508',29,1,1,'2013-09-09 14:50:02'),(974,'0b05417a20f73c3d7894912300ac22ee628c5508',129,1,3,'2013-09-09 14:50:04'),(975,'0b05417a20f73c3d7894912300ac22ee628c5508',56,1,1,'2013-09-09 14:50:08'),(976,'0b05417a20f73c3d7894912300ac22ee628c5508',84,1,1,'2013-09-09 14:50:10'),(977,'0b05417a20f73c3d7894912300ac22ee628c5508',194,1,2,'2013-09-09 14:50:11'),(978,'0b05417a20f73c3d7894912300ac22ee628c5508',4,1,1,'2013-09-09 14:50:12'),(979,'0b05417a20f73c3d7894912300ac22ee628c5508',104,1,3,'2013-09-09 14:50:14'),(980,'0b05417a20f73c3d7894912300ac22ee628c5508',33,1,1,'2013-09-09 14:50:15'),(981,'0b05417a20f73c3d7894912300ac22ee628c5508',202,1,2,'2013-09-09 14:50:16'),(982,'0b05417a20f73c3d7894912300ac22ee628c5508',236,1,4,'2013-09-09 14:50:18'),(983,'0b05417a20f73c3d7894912300ac22ee628c5508',187,2,2,'2013-09-09 14:50:20');
/*!40000 ALTER TABLE `result` ENABLE KEYS */;
UNLOCK TABLES;
/*!40103 SET TIME_ZONE=@OLD_TIME_ZONE */;

/*!40101 SET SQL_MODE=@OLD_SQL_MODE */;
/*!40014 SET FOREIGN_KEY_CHECKS=@OLD_FOREIGN_KEY_CHECKS */;
/*!40014 SET UNIQUE_CHECKS=@OLD_UNIQUE_CHECKS */;
/*!40101 SET CHARACTER_SET_CLIENT=@OLD_CHARACTER_SET_CLIENT */;
/*!40101 SET CHARACTER_SET_RESULTS=@OLD_CHARACTER_SET_RESULTS */;
/*!40101 SET COLLATION_CONNECTION=@OLD_COLLATION_CONNECTION */;
/*!40111 SET SQL_NOTES=@OLD_SQL_NOTES */;

-- Dump completed on 2013-09-09 15:33:27
